id,title,orchestra,singer,style,year,decade,duration_seconds,file_path,tags,notes,bpm,key,energy,danceability,album,filename
1fa67d03-8d23-507d-b16e-f181e5fe7b86,Asi Me Gusta A Mi,Angel D'Agostino,Angel Vargas,milonga,1942.0,1940s,168.95,data/raw/vol-21 la fiesta de buenos aires/27 asi me gusta a mi.mp3,,,100.0076141357422,D,0.0050213765352964,1.0164011716842651,vol-21 la fiesta de buenos aires,27 asi me gusta a mi.mp3
5ce62a75-7084-5a90-84d7-85a7a5dcb607,Compadreando,Angel D'Agostino,Angel Vargas,milonga,1941.0,1940s,152.95,data/raw/vol-21 la fiesta de buenos aires/28 compadreando.mp3,,,104.22991943359376,D,0.0084151094779372,1.0206866264343262,vol-21 la fiesta de buenos aires,28 compadreando.mp3
648048b8-8d53-54ad-901b-af1c18f4c3cd,En Lo de Laura,Angel D'Agostino,Angel Vargas,milonga,1943.0,1940s,142.36,data/raw/vol-06 la fiesta de buenos aires/26 en lo de laura.mp3,,,99.30154418945312,D,0.0061357822269201,1.0635360479354858,vol-06 la fiesta de buenos aires,26 en lo de laura.mp3
aa41c125-1439-5c43-9e65-9101248b31f6,Entre Copa y Copa,Angel D'Agostino,Angel Vargas,milonga,1942.0,1940s,150.28,data/raw/vol-06 la fiesta de buenos aires/28 entre copa y copa.mp3,,,100.83885192871094,G,0.0053633004426956,1.0791215896606443,vol-06 la fiesta de buenos aires,28 entre copa y copa.mp3
ed820a5a-e298-53ba-9561-6fa9d96aae23,Porque Me Siento Feliz,Angel D'Agostino,Angel Vargas,milonga,1945.0,1940s,151.82,data/raw/vol-06 la fiesta de buenos aires/29 porque me siento feliz.mp3,,,101.40103149414062,C,0.0065085422247648,1.0839030742645264,vol-06 la fiesta de buenos aires,29 porque me siento feliz.mp3
d23c1be2-a65d-51bb-8b16-c7c45a7d047a,Con Permiso,Anibal Troilo,Alberto Marino,milonga,1944.0,1940s,153.0,data/raw/vol-25 la fiesta de buenos aires/26 con permiso.mp3,,,100.4423370361328,E,0.0069637983106076,1.0875046253204346,vol-25 la fiesta de buenos aires,26 con permiso.mp3
31699ea1-1e57-5b6f-8c52-560d29e55adc,El Barrio Del Tambor,Anibal Troilo,Alberto Marino,milonga,1943.0,1940s,155.66,data/raw/vol-25 la fiesta de buenos aires/29 el barrio del tambor.mp3,,,110.0530014038086,E,0.0067631481215357,1.0120757818222046,vol-25 la fiesta de buenos aires,29 el barrio del tambor.mp3
0809569b-81d8-55a7-9fa0-d5fdcba90ee0,Ropa Blanca,Anibal Troilo,Alberto Marino,milonga,1943.0,1940s,171.4,data/raw/vol-25 la fiesta de buenos aires/28 ropa blanca.mp3,,,109.6419448852539,G,0.0044388161040842,0.9684159755706788,vol-25 la fiesta de buenos aires,28 ropa blanca.mp3
e813262a-f3ac-5406-9a05-0e3ec69a49be,Con Toda La Voz Que Tengo,Anibal Troilo,Francisco Fiorentino,milonga,1941.0,1940s,149.4,data/raw/vol-09 la fiesta de buenos aires/27 con toda la voz que tengo.mp3,,,112.64385986328124,D,0.0061868717893958,1.086294651031494,vol-09 la fiesta de buenos aires,27 con toda la voz que tengo.mp3
f25677a0-a6e4-5297-ba3d-736e7afb4de1,Del Tiempo Guapo,Anibal Troilo,Francisco Fiorentino,milonga,1941.0,1940s,144.26,data/raw/vol-09 la fiesta de buenos aires/29 del tiempo guapo.mp3,,,112.26756286621094,G,0.008712837472558,1.078593134880066,vol-09 la fiesta de buenos aires,29 del tiempo guapo.mp3
d004bc05-d441-5c02-b612-b4bd54d0a8da,Ficha De Oro,Anibal Troilo,Francisco Fiorentino,milonga,1942.0,1940s,168.66,data/raw/vol-36 la fiesta de buenos aires/26 ficha de oro.mp3,,,109.87047576904295,E,0.0061399466358125,0.974624752998352,vol-36 la fiesta de buenos aires,26 ficha de oro.mp3
d33f0921-c6a2-5e7a-82dd-909e63f000be,Mano Brava,Anibal Troilo,Francisco Fiorentino,milonga,1941.0,1940s,144.16,data/raw/vol-09 la fiesta de buenos aires/28 mano brava.mp3,,,113.98951721191406,C,0.0080026220530271,1.0710192918777466,vol-09 la fiesta de buenos aires,28 mano brava.mp3
d32339b5-2481-5b92-9f58-6057f72550d7,Soy Un Porteño,Anibal Troilo,Francisco Fiorentino,milonga,1943.0,1940s,188.73,data/raw/vol-36 la fiesta de buenos aires/29 soy un porteño.mp3,,,109.90399932861328,Eb,0.0160756260156631,1.0741833448410034,vol-36 la fiesta de buenos aires,29 soy un porteño.mp3
a2640b28-fa8b-5dd7-b2bf-4ea451e19894,Cuando Un Viejo Se Enamora,Carlos Di Sarli,Roberto Rufino,milonga,1942.0,1940s,127.71,data/raw/vol-04 la fiesta de buenos aires/29 cuando un viejo se enamora.mp3,,,100.38288116455078,C,0.0077786310575902,1.025680422782898,vol-04 la fiesta de buenos aires,29 cuando un viejo se enamora.mp3
271258b7-54b9-5eaf-adb7-2cbddb8b9ce7,La Mulateada,Carlos Di Sarli,Roberto Rufino,milonga,1941.0,1940s,143.17,data/raw/vol-04 la fiesta de buenos aires/28 la mulateada.mp3,,,107.3004913330078,F,0.0044672386720776,1.093627691268921,vol-04 la fiesta de buenos aires,28 la mulateada.mp3
9186cd7c-035f-5324-9f1a-a64c4eca514a,Pena Mulata,Carlos Di Sarli,Roberto Rufino,milonga,1941.0,1940s,147.63,data/raw/vol-04 la fiesta de buenos aires/27 pena mulata.mp3,,,106.04434204101562,Bb,0.008856363594532,1.029761552810669,vol-04 la fiesta de buenos aires,27 pena mulata.mp3
74b024da-b137-56a0-945a-816cbae63dfa,Rosa Morena,Carlos Di Sarli,Roberto Rufino,milonga,1942.0,1940s,139.86,data/raw/vol-12 la fiesta de buenos aires/27 rosa morena.mp3,,,103.5615463256836,C,0.0049542165361344,1.0315908193588257,vol-12 la fiesta de buenos aires,27 rosa morena.mp3
b9c611fd-4155-5304-b93f-e0e9d1d9d318,Yo Soy De San Telmo,Carlos Di Sarli,Roberto Rufino,milonga,1943.0,1940s,141.61,data/raw/vol-12 la fiesta de buenos aires/26 yo soy de san telmo.mp3,,,98.36392974853516,D,0.006817721761763,0.9971801042556764,vol-12 la fiesta de buenos aires,26 yo soy de san telmo.mp3
2011d9bb-05cb-56f1-8faf-4c66ea095d20,Zorzal,Carlos Di Sarli,Roberto Rufino,milonga,1941.0,1940s,162.59,data/raw/vol-04 la fiesta de buenos aires/26 zorzal.mp3,,,99.8785629272461,G,0.0044620251283049,1.003350019454956,vol-04 la fiesta de buenos aires,26 zorzal.mp3
5be299e7-de1c-5062-9087-b74dd8fe8dbd,La Milonga De Buenos Aires,Francisco Canaro,Ernesto Famá,milonga,1939.0,1930s,173.09,data/raw/vol-05 la fiesta de buenos aires/29 la milonga de buenos aires.mp3,,,106.60382080078124,C#,0.0053115054033696,1.171648621559143,vol-05 la fiesta de buenos aires,29 la milonga de buenos aires.mp3
21d4522c-b6fc-5714-8814-1c4176f382bf,Milonga Sentimental,Francisco Canaro,Ernesto Famá,milonga,2007.0,2000s,192.17,data/raw/vol-11 la fiesta de buenos aires/28 milonga sentimental.mp3,,,147.4939422607422,F#,0.0080268522724509,1.1680941581726074,vol-11 la fiesta de buenos aires,28 milonga sentimental.mp3
707e5723-b97a-517c-8c32-b988d21ea1c8,No Hay Tierra Como La Mia,Francisco Canaro,Ernesto Famá,milonga,,,162.61,data/raw/vol-05 la fiesta de buenos aires/26 no hay tierra como la mia.mp3,,,103.60430145263672,Eb,0.0051359320059418,1.3097665309906006,vol-05 la fiesta de buenos aires,26 no hay tierra como la mia.mp3
53bed4eb-795b-5f8c-973a-3e77e9ac517f,De Antano,Francisco Canaro,Instrumental,milonga,,,172.34,data/raw/vol-22 la fiesta de buenos aires/26 de antano.mp3,,,172.26589965820312,Eb,0.0037546490784734,1.0281540155410769,vol-22 la fiesta de buenos aires,26 de antano.mp3
ab97024f-eed1-5bfa-92a9-2bd5021ce7f8,Milonga De Mis Amores,Francisco Canaro,Instrumental,milonga,1937.0,1930s,184.84,data/raw/vol-39 la fiesta de buenos aires/27 milonga de mis amores.mp3,,,164.25360107421875,Ab,0.0075936331413686,0.9910485744476318,vol-39 la fiesta de buenos aires,27 milonga de mis amores.mp3
f2ee2b5d-4bc1-5b71-ac98-84b4dfae8d8b,Milongon,Francisco Canaro,Instrumental,milonga,1939.0,1930s,168.84,data/raw/vol-01 la fiesta de buenos aires/29 milongon.mp3,,,101.4719009399414,F#,0.010180034674704,1.045623779296875,vol-01 la fiesta de buenos aires,29 milongon.mp3
200b6578-660f-5d5a-8709-47c991b095aa,Relíquias Porteñas,Francisco Canaro,Instrumental,milonga,,,165.58,data/raw/vol-01 la fiesta de buenos aires/26 relíquias porteñas.mp3,,,103.1964111328125,F,0.0048858900554478,1.099381923675537,vol-01 la fiesta de buenos aires,26 relíquias porteñas.mp3
a5a466ff-0c0f-5bba-9f52-6cf625a17049,Chaparron,Juan D'Arienzo,Alberto Echagüe,milonga,1957.0,1950s,128.0,data/raw/vol-19 la fiesta de buenos aires/28 chaparron.mp3,,,112.44324493408205,Bb,0.0093429973348975,1.1943068504333496,vol-19 la fiesta de buenos aires,28 chaparron.mp3
d6f03303-d27a-5d78-a62f-b05b97bd941d,Clavel,Juan D'Arienzo,Alberto Echagüe,milonga,,,146.03,data/raw/vol-32 la fiesta de buenos aires/27 clavel.mp3,,,106.56129455566406,G,0.0060172537341713,0.9997389912605286,vol-32 la fiesta de buenos aires,27 clavel.mp3
863cafef-c77c-5ebe-a6a1-d27bbcc44f9b,El Temblor,Juan D'Arienzo,Alberto Echagüe,milonga,,,124.64,data/raw/vol-03 la fiesta de buenos aires/26 el temblor.mp3,,,110.8902359008789,Eb,0.0080393077805638,1.108481526374817,vol-03 la fiesta de buenos aires,26 el temblor.mp3
0f68689d-5035-5a6e-9252-7e6fa5f2c2fa,Ganzua,Juan D'Arienzo,Alberto Echagüe,milonga,,,140.32,data/raw/vol-35 la fiesta de buenos aires/29 ganzua.mp3,,,112.88103485107422,G,0.0129118813201785,1.127243161201477,vol-35 la fiesta de buenos aires,29 ganzua.mp3
189a41a6-c887-592f-8e2a-2b33cc099c35,La Mañana,Juan D'Arienzo,Alberto Echagüe,milonga,1945.0,1940s,141.67,data/raw/vol-26 la fiesta de buenos aires/29 la mañana.mp3,,,102.5796890258789,C,0.004387545865029,1.08154559135437,vol-26 la fiesta de buenos aires,29 la mañana.mp3
2ba922c8-f635-5eb4-b10e-f851eb5884db,Me Gusta Bailar Milonga,Juan D'Arienzo,Alberto Echagüe,milonga,1956.0,1950s,124.0,data/raw/vol-32 la fiesta de buenos aires/28 me gusta bailar milonga.mp3,,,108.6924285888672,D,0.0093044163659214,1.0473601818084717,vol-32 la fiesta de buenos aires,28 me gusta bailar milonga.mp3
50596fa2-102d-5d6c-be06-e4b30a7b81bb,Milonga Querida,Juan D'Arienzo,Alberto Echagüe,milonga,,,148.46,data/raw/vol-26 la fiesta de buenos aires/26 milonga querida.mp3,,,110.89695739746094,Bb,0.0075141731649637,1.1316511631011963,vol-26 la fiesta de buenos aires,26 milonga querida.mp3
d330ee36-e354-53c7-820f-db229074ea66,Yo Me Llamo Eloy Peralta,Juan D'Arienzo,Alberto Echagüe,milonga,,,173.07,data/raw/vol-26 la fiesta de buenos aires/28 yo me llamo eloy peralta.mp3,,,107.98338317871094,D,0.0057426700368523,1.0060055255889893,vol-26 la fiesta de buenos aires,28 yo me llamo eloy peralta.mp3
6b56ff6e-acff-5e32-b192-15f7ea40ac28,Asi Es La Milonga,Ricardo Tanturi,Alberto Castillo,milonga,1942.0,1940s,136.3,data/raw/vol-31 la fiesta de buenos aires/28 asi es la milonga.mp3,,,107.92921447753906,G,0.0074596186168491,1.082407832145691,vol-31 la fiesta de buenos aires,28 asi es la milonga.mp3
4835ab75-70f5-5861-845f-734387cd2316,Mi Morocha,Ricardo Tanturi,Alberto Castillo,milonga,1941.0,1940s,149.09,data/raw/vol-31 la fiesta de buenos aires/26 mi morocha.mp3,,,110.33409118652344,C,0.0103435181081295,1.1400361061096191,vol-31 la fiesta de buenos aires,26 mi morocha.mp3
7741616f-1e8e-5335-bbfe-0a1a5e465fe1,Mozo Guapo,Ricardo Tanturi,Alberto Castillo,milonga,1941.0,1940s,133.03,data/raw/vol-31 la fiesta de buenos aires/27 mozo guapo.mp3,,,113.07270050048828,A,0.0090951947495341,1.1624372005462646,vol-31 la fiesta de buenos aires,27 mozo guapo.mp3
e5c49f8e-50f4-5b14-828c-46d8bfad52e9,A Magaldi,Alfredo De Angelis,Carlos Dante-Julio Martel,vals,1947.0,1940s,170.82,data/raw/vol-09 la fiesta de buenos aires/13 a magaldi.mp3,,,104.88043212890624,G,0.0079428721219301,1.2235453128814695,vol-09 la fiesta de buenos aires,13 a magaldi.mp3
7974981a-b283-5e48-acb1-1544d4e48eab,Flores Del Alma,Alfredo De Angelis,Carlos Dante-Julio Martel,vals,1947.0,1940s,184.37,data/raw/vol-09 la fiesta de buenos aires/11 flores del alma.mp3,,,104.34921264648438,G,0.0058684931136667,1.023881435394287,vol-09 la fiesta de buenos aires,11 flores del alma.mp3
666c0bb3-3454-5d3f-a506-997af0c676bb,Mi Cariñito,Alfredo De Angelis,Carlos Dante-Julio Martel,vals,1949.0,1940s,147.91,data/raw/vol-09 la fiesta de buenos aires/14 mi cariñito.mp3,,,105.48565673828124,F,0.0076346211135387,1.0562928915023804,vol-09 la fiesta de buenos aires,14 mi cariñito.mp3
bfbe39d7-414f-5b5f-9c1a-e1acb25b8312,Pobre Flor,Alfredo De Angelis,Carlos Dante-Julio Martel,vals,1946.0,1940s,163.03,data/raw/vol-19 la fiesta de buenos aires/12 pobre flor.mp3,,,110.11724090576172,G,0.0092992205172777,1.1572625637054443,vol-19 la fiesta de buenos aires,12 pobre flor.mp3
d0d18cf6-d2cb-5af2-b1ac-988030441d6e,Soñar y Nada Mas,Alfredo De Angelis,Carlos Dante-Julio Martel,vals,1944.0,1940s,186.25,data/raw/vol-09 la fiesta de buenos aires/12 soñar y nada mas.mp3,,,103.79850769042967,D,0.008223557844758,0.9432253837585448,vol-09 la fiesta de buenos aires,12 soñar y nada mas.mp3
87ac46fc-c5b3-5de4-bf41-d2c99851dd13,El Espejo De Tus Ojos,Angel D'Agostino,Angel Vargas,vals,1944.0,1940s,171.92,data/raw/vol-14 la fiesta de buenos aires/12 el espejo de tus ojos.mp3,,,103.60121154785156,C,0.0067394776269793,1.021491527557373,vol-14 la fiesta de buenos aires,12 el espejo de tus ojos.mp3
984d1d2c-c2ea-5097-b312-5853694bda96,Esquinas Porteñas,Angel D'Agostino,Angel Vargas,vals,1953.0,1950s,170.9,data/raw/vol-14 la fiesta de buenos aires/11 esquinas porteñas.mp3,,,101.94448852539062,G,0.0072192139923572,0.940189003944397,vol-14 la fiesta de buenos aires,11 esquinas porteñas.mp3
1c092a4f-b66b-51fc-9f7b-f7a89bb66eb4,Que Me Pasara,Angel D'Agostino,Angel Vargas,vals,1941.0,1940s,151.01,data/raw/vol-14 la fiesta de buenos aires/14 que me pasara.mp3,,,98.8698272705078,F,0.0060135368257761,1.0264495611190796,vol-14 la fiesta de buenos aires,14 que me pasara.mp3
a6f85668-ffed-57d9-8b25-85239edb44d7,Tristeza Criolla,Angel D'Agostino,Angel Vargas,vals,1945.0,1940s,150.18,data/raw/vol-14 la fiesta de buenos aires/13 tristeza criolla.mp3,,,104.11421966552734,B,0.0079179676249623,1.0435316562652588,vol-14 la fiesta de buenos aires,13 tristeza criolla.mp3
fecc574d-5db8-5e77-b876-fc379b6aa7d1,Acordandome De Vos,Anibal Troilo,Francisco Fiorentino,vals,1942.0,1940s,164.54,data/raw/vol-12 la fiesta de buenos aires/14 acordandome de vos.mp3,,,107.93952178955078,A,0.0052200271748006,0.99710875749588,vol-12 la fiesta de buenos aires,14 acordandome de vos.mp3
7dcb9500-f95c-5786-b7dd-a40e68f58748,Pedacito De Cielo,Anibal Troilo,Francisco Fiorentino,vals,1942.0,1940s,170.93,data/raw/vol-12 la fiesta de buenos aires/11 pedacito de cielo.mp3,,,102.91223907470705,A,0.005010986700654,0.929613709449768,vol-12 la fiesta de buenos aires,11 pedacito de cielo.mp3
c7b6e493-de01-5c35-be88-e49eb05d1e2d,Temblando,Anibal Troilo,Francisco Fiorentino,vals,1944.0,1940s,186.56,data/raw/vol-12 la fiesta de buenos aires/12 temblando.mp3,,,99.31405639648438,B,0.0097879441455006,0.8969316482543945,vol-12 la fiesta de buenos aires,12 temblando.mp3
a821f7e0-f68d-55ec-ada8-62b4d50ea123,Tu Diagnostico,Anibal Troilo,Francisco Fiorentino,vals,1941.0,1940s,135.69,data/raw/vol-12 la fiesta de buenos aires/13 tu diagnostico.mp3,,,111.70101165771484,D,0.0055328174494206,1.041041135787964,vol-12 la fiesta de buenos aires,13 tu diagnostico.mp3
235de2d1-674d-5bf0-9613-1a52eff13914,Valsecito Amigo,Anibal Troilo,Francisco Fiorentino,vals,1943.0,1940s,148.83,data/raw/vol-23 la fiesta de buenos aires/14 valsecito amigo.mp3,,,103.27509307861328,D,0.0048548756167292,0.9611608386039734,vol-23 la fiesta de buenos aires,14 valsecito amigo.mp3
6030b54f-d212-5517-ba21-09899afd1c87,Corazon De Oro,Francisco Canaro,Instrumental,vals,1930.0,1930s,172.32,data/raw/vol-21 la fiesta de buenos aires/14 corazon de oro.mp3,,,178.2054443359375,A,0.0082764634862542,0.987109899520874,vol-21 la fiesta de buenos aires,14 corazon de oro.mp3
badac348-2766-53a3-993e-53d9489d06cf,Desde El Alma,Francisco Canaro,Instrumental,vals,1947.0,1940s,180.39,data/raw/vol-03 la fiesta de buenos aires/11 desde el alma.mp3,,,98.16123962402344,B,0.0046224519610404,0.9867622256278992,vol-03 la fiesta de buenos aires,11 desde el alma.mp3
ecad0c83-7d2c-5eeb-afbf-9a79e80de2b6,Francia,Francisco Canaro,Instrumental,vals,,,162.43,data/raw/vol-03 la fiesta de buenos aires/13 francia.mp3,,,184.57058715820312,C#,0.0028605270199477,1.0657652616500854,vol-03 la fiesta de buenos aires,13 francia.mp3
8ba1dc58-ad2f-5dfa-8291-bdcb72d17f8a,Maria Esther,Francisco Canaro,Instrumental,vals,2009.0,2000s,152.0,data/raw/vol-03 la fiesta de buenos aires/14 maria esther.mp3,,,97.8449478149414,B,0.003766372334212,0.999524474143982,vol-03 la fiesta de buenos aires,14 maria esther.mp3
c4dbf697-e1ae-5315-ba88-12608f8eb3cb,Vibraciones Del Alma,Francisco Canaro,Instrumental,vals,,,182.42,data/raw/vol-21 la fiesta de buenos aires/11 vibraciones del alma.mp3,,,97.63243865966795,F,0.0108971996232867,0.9294971823692322,vol-21 la fiesta de buenos aires,11 vibraciones del alma.mp3
efb6c3c8-defa-5d31-95c5-cfbaadf61839,Lo Mismo Que Ayer,Juan D'Arienzo,Alberto Echagüe/Armando Laborde,vals,,,163.18,data/raw/vol-29 la fiesta de buenos aires/11 lo mismo que ayer.mp3,,,99.9636459350586,C,0.0057361521758139,1.0063666105270386,vol-29 la fiesta de buenos aires,11 lo mismo que ayer.mp3
63d0e97c-fada-514c-a1c4-5fe41928998a,Mi Cariñito,Juan D'Arienzo,Alberto Echagüe/Armando Laborde,vals,1949.0,1940s,148.49,data/raw/vol-29 la fiesta de buenos aires/12 mi cariñito.mp3,,,103.17157745361328,D,0.0086394418030977,1.0015684366226196,vol-29 la fiesta de buenos aires,12 mi cariñito.mp3
4173cda4-56cb-5339-96a9-d1868ece63cf,Tendras Que Llorar,Juan D'Arienzo,Alberto Echagüe/Armando Laborde,vals,1973.0,1970s,166.31,data/raw/vol-29 la fiesta de buenos aires/14 tendras que llorar.mp3,,,102.2207489013672,G,0.0052565187215805,1.0494871139526367,vol-29 la fiesta de buenos aires,14 tendras que llorar.mp3
c156ede9-b6ca-5e4d-8de1-4503a4143118,Alma Dolorida,Juan D'Arienzo,Instrumental,vals,,,137.51,data/raw/vol-01 la fiesta de buenos aires/13 alma dolorida.mp3,,,108.45874786376952,F,0.002888154471293,1.192805290222168,vol-01 la fiesta de buenos aires,13 alma dolorida.mp3
9d6f0e1a-d03d-5e05-80ba-9659c196b591,Desde El Alma,Juan D'Arienzo,Instrumental,vals,1947.0,1940s,183.93,data/raw/vol-39 la fiesta de buenos aires/12 desde el alma.mp3,,,104.20858764648438,B,0.0065352683886885,0.8741250038146973,vol-39 la fiesta de buenos aires,12 desde el alma.mp3
906eaa6f-d8ac-53aa-bdd7-b91d7bc6bb01,El Aeroplano,Juan D'Arienzo,Instrumental,vals,1936.0,1930s,131.13,data/raw/vol-39 la fiesta de buenos aires/14 el aeroplano.mp3,,,112.9896011352539,D,0.0089240493252873,1.1263208389282229,vol-39 la fiesta de buenos aires,14 el aeroplano.mp3
54aaf12f-6747-5534-b1fe-fa78949a835b,Francia,Juan D'Arienzo,Instrumental,vals,,,180.38,data/raw/vol-25 la fiesta de buenos aires/12 francia.mp3,,,107.08021545410156,Bb,0.007466428913176,0.97613787651062,vol-25 la fiesta de buenos aires,12 francia.mp3
f3800eb4-2c82-5f78-9c94-e919492d178a,Inolvidable,Juan D'Arienzo,Instrumental,vals,,,138.76,data/raw/vol-06 la fiesta de buenos aires/12 inolvidable.mp3,,,107.38619995117188,E,0.0093994094058871,0.9835599660873412,vol-06 la fiesta de buenos aires,12 inolvidable.mp3
f1e7d18e-f724-5ac1-80d7-968bebbf4397,No LLores Madre,Juan D'Arienzo,Instrumental,vals,1930.0,1930s,140.02,data/raw/vol-06 la fiesta de buenos aires/11 no llores madre.mp3,,,107.35105895996094,D,0.0069032106548547,1.0246351957321167,vol-06 la fiesta de buenos aires,11 no llores madre.mp3
c07a412f-9411-5f97-b709-3b45d77a9d13,Olga,Juan D'Arienzo,Instrumental,vals,1954.0,1950s,146.5,data/raw/vol-39 la fiesta de buenos aires/13 olga.mp3,,,102.48017120361328,F#,0.0123038003221154,1.0108636617660522,vol-39 la fiesta de buenos aires,13 olga.mp3
7f6d27a3-0b32-58ea-884f-74329d8b9fdf,Orillas Del Plata,Juan D'Arienzo,Instrumental,vals,1928.0,1920s,169.03,data/raw/vol-25 la fiesta de buenos aires/14 orillas del plata.mp3,,,105.62641143798828,B,0.0073203644715249,0.8837411403656006,vol-25 la fiesta de buenos aires,14 orillas del plata.mp3
83a0cf41-aeb5-5dc5-ad6e-874c56ca1072,Pabellon De Las Rosas,Juan D'Arienzo,Instrumental,vals,,,171.6,data/raw/vol-11 la fiesta de buenos aires/11 pabellon de las rosas.mp3,,,103.51004028320312,D,0.0073297624476253,1.0383071899414062,vol-11 la fiesta de buenos aires,11 pabellon de las rosas.mp3
bac2346a-fc4a-5da1-8b57-4385b62c149e,Pasión,Juan D'Arienzo,Instrumental,vals,,,160.42,data/raw/vol-01 la fiesta de buenos aires/14 pasión.mp3,,,102.29240417480467,E,0.003414052305743,1.0162277221679688,vol-01 la fiesta de buenos aires,14 pasión.mp3
480f3f92-c034-53fe-926b-acac91bef455,Penas De Amor,Juan D'Arienzo,Instrumental,vals,,,187.22,data/raw/vol-25 la fiesta de buenos aires/13 penas de amor.mp3,,,110.5586166381836,A,0.0072201415896415,1.0596898794174194,vol-25 la fiesta de buenos aires,13 penas de amor.mp3
f9a625c0-5ceb-51e4-ad7c-79253bfb6c5e,Valsecito Criollo,Juan D'Arienzo,Instrumental,vals,,,138.48,data/raw/vol-11 la fiesta de buenos aires/13 valsecito criollo.mp3,,,108.09915161132812,E,0.006931728683412,1.0904314517974854,vol-11 la fiesta de buenos aires,13 valsecito criollo.mp3
9db21021-b77d-5fc1-9684-a8c2266a84fa,Valsecito De Antes,Juan D'Arienzo,Instrumental,vals,,,138.79,data/raw/vol-06 la fiesta de buenos aires/14 valsecito de antes.mp3,,,106.95502471923828,A,0.0120323952287435,1.1105862855911257,vol-06 la fiesta de buenos aires,14 valsecito de antes.mp3
950a4e6d-794a-5f07-8e01-4fe791c8ef42,Idilio Trunco,Ricardo Tanturi,Alberto Castillo,vals,,,129.64,data/raw/vol-04 la fiesta de buenos aires/13 idilio trunco.mp3,,,104.27330780029295,C#,0.0049111754633486,1.099446415901184,vol-04 la fiesta de buenos aires,13 idilio trunco.mp3
53e56670-88ce-50a2-a382-6fbfac03dc8d,La Pulpera De Santa Lucia,Ricardo Tanturi,Alberto Castillo,vals,1968.0,1960s,191.98,data/raw/vol-04 la fiesta de buenos aires/11 la pulpera de santa lucia.mp3,,,106.80982971191406,B,0.0043924809433519,0.9776281714439392,vol-04 la fiesta de buenos aires,11 la pulpera de santa lucia.mp3
10778d36-0d71-560a-8304-0863af79be5e,La Serenata,Ricardo Tanturi,Alberto Castillo,vals,1956.0,1950s,152.81,data/raw/vol-13 la fiesta de buenos aires/12 la serenata.mp3,,,107.49881744384766,C,0.0114135257899761,1.031877517700195,vol-13 la fiesta de buenos aires,12 la serenata.mp3
9b2477e8-367a-58e1-9683-3bb6440de5b7,Luna De Arrabal,Ricardo Tanturi,Alberto Castillo,vals,1936.0,1930s,199.99,data/raw/vol-04 la fiesta de buenos aires/14 luna de arrabal.mp3,,,99.22987365722656,E,0.0066237291321158,0.9401538968086244,vol-04 la fiesta de buenos aires,14 luna de arrabal.mp3
83ae5801-a318-5f16-8be4-1845e02f4cf5,Marisabel,Ricardo Tanturi,Alberto Castillo,vals,1942.0,1940s,143.64,data/raw/vol-13 la fiesta de buenos aires/13 marisabel.mp3,,,102.94775390625,D,0.0060803559608757,0.9268530011177064,vol-13 la fiesta de buenos aires,13 marisabel.mp3
9b7afece-cc6b-56bc-8f68-4ca40bce0486,Mi Romance,Ricardo Tanturi,Alberto Castillo,vals,1941.0,1940s,140.2,data/raw/vol-13 la fiesta de buenos aires/14 mi romance.mp3,,,105.87548828125,D,0.0078345090150833,1.2097742557525637,vol-13 la fiesta de buenos aires,14 mi romance.mp3
b4e0f61e-4441-517b-94d3-fa302495d0cf,Pastora,Alfredo De Angelis,Carlos Dante-Julio Martel,tango,1948.0,1940s,191.76,data/raw/vol-27 la fiesta de buenos aires/18 pastora.mp3,,,123.49437713623048,C,0.0080835781991481,0.98404723405838,vol-27 la fiesta de buenos aires,18 pastora.mp3
535458e0-65e4-5dbd-9d85-0a258ec06762,Remolino,Alfredo De Angelis,Carlos Dante-Julio Martel,tango,1946.0,1940s,185.13,data/raw/vol-27 la fiesta de buenos aires/17 remolino.mp3,,,123.04457092285156,G,0.0045123067684471,0.9786035418510436,vol-27 la fiesta de buenos aires,17 remolino.mp3
aa2394cb-b0b2-53e1-b109-bb352bbf0fa4,Fruto Dulce,Alfredo De Angelis,Carlos Dante-Julio Martel,tango,1947.0,1940s,177.3,data/raw/vol-27 la fiesta de buenos aires/19 fruto dulce.mp3,,,122.89723205566406,D,0.0169586427509784,0.9905967712402344,vol-27 la fiesta de buenos aires,19 fruto dulce.mp3
bc1fcb10-f728-55c4-888a-9ce9aa69e1ca,Pregonera,Alfredo De Angelis,Carlos Dante-Julio Martel,tango,1945.0,1940s,171.98,data/raw/vol-27 la fiesta de buenos aires/16 pregonera.mp3,,,123.4486083984375,G,0.0093621434643864,1.040999412536621,vol-27 la fiesta de buenos aires,16 pregonera.mp3
34699ff1-7454-548a-a467-2cab9e6acfce,Como Se Muere De Amor,Alfredo De Angelis,Floreal Ruiz,tango,1943.0,1940s,166.18,data/raw/vol-01 la fiesta de buenos aires/08 como se muere de amor.mp3,,,117.78470611572266,E,0.0156193152070045,0.9340851902961732,vol-01 la fiesta de buenos aires,08 como se muere de amor.mp3
5625e0f6-baf1-5102-93bc-dc2a6ef1f721,Mi Novia De Ayer,Alfredo De Angelis,Floreal Ruiz,tango,1944.0,1940s,156.49,data/raw/vol-19 la fiesta de buenos aires/13 mi novia de ayer.mp3,,,106.01573944091795,Bb,0.0095919612795114,0.9875884652137756,vol-19 la fiesta de buenos aires,13 mi novia de ayer.mp3
6ce4ab15-6e2a-58a6-9478-8e99a8c9c9d4,Dejame Asi,Alfredo De Angelis,Floreal Ruiz,tango,1943.0,1940s,182.0,data/raw/vol-01 la fiesta de buenos aires/07 dejame asi.mp3,,,119.4993896484375,C,0.0111798951402306,1.026935338973999,vol-01 la fiesta de buenos aires,07 dejame asi.mp3
234c33f7-15d2-55aa-af42-112b79913285,Bajo El Cono Azul,Alfredo De Angelis,Floreal Ruiz,tango,1944.0,1940s,178.61,data/raw/vol-01 la fiesta de buenos aires/06 bajo el cono azul.mp3,,,120.1773681640625,G,0.0128801641985774,1.0716018676757812,vol-01 la fiesta de buenos aires,06 bajo el cono azul.mp3
93ae1ce2-08a5-56cb-8e72-eeebd7b50459,Marioneta,Alfredo De Angelis,Floreal Ruiz,tango,1943.0,1940s,165.71,data/raw/vol-01 la fiesta de buenos aires/09 marioneta.mp3,,,119.79000854492188,D,0.0144636072218418,0.9926120638847352,vol-01 la fiesta de buenos aires,09 marioneta.mp3
9cf9a41c-55ce-5115-a065-f63b68bb4347,El Entrerriano,Alfredo De Angelis,Instrumental,tango,1946.0,1940s,161.8,data/raw/vol-15 la fiesta de buenos aires/17 el entrerriano.mp3,,,125.63992309570312,G,0.0176582802087068,1.047969937324524,vol-15 la fiesta de buenos aires,17 el entrerriano.mp3
3a862f81-1a4a-5a70-b8c9-a059d4bbf54b,El Pial,Alfredo De Angelis,Instrumental,tango,1945.0,1940s,164.25,data/raw/vol-15 la fiesta de buenos aires/16 el pial.mp3,,,123.04373931884766,D,0.0096397651359438,1.1083054542541504,vol-15 la fiesta de buenos aires,16 el pial.mp3
4f726454-0760-5c68-9a88-af43c896d46f,Pavadita,Alfredo De Angelis,Instrumental,tango,1958.0,1950s,172.78,data/raw/vol-11 la fiesta de buenos aires/01 pavadita.mp3,,,124.9811782836914,A,0.0149831678718328,1.0129354000091553,vol-11 la fiesta de buenos aires,01 pavadita.mp3
66388ca8-9d13-51e8-ad73-67e3bced4dc7,El Taladro,Alfredo De Angelis,Instrumental,tango,1946.0,1940s,168.58,data/raw/vol-15 la fiesta de buenos aires/19 el taladro.mp3,,,122.6869659423828,D,0.0108267869800329,1.1812373399734497,vol-15 la fiesta de buenos aires,19 el taladro.mp3
fda51373-785f-54ae-ba27-e62876ed1758,Mi Dolor,Alfredo De Angelis,Instrumental,tango,1957.0,1950s,171.08,data/raw/vol-11 la fiesta de buenos aires/04 mi dolor.mp3,,,121.22593688964844,D,0.0207109916955232,1.0918946266174316,vol-11 la fiesta de buenos aires,04 mi dolor.mp3
18b95a8f-45b2-5d2d-a909-7ecbacd22cdb,Guardia Vieja,Alfredo De Angelis,Instrumental,tango,1954.0,1950s,163.16,data/raw/vol-15 la fiesta de buenos aires/18 guardia vieja.mp3,,,122.65121459960938,A,0.0148926824331283,1.0430083274841309,vol-15 la fiesta de buenos aires,18 guardia vieja.mp3
da441e9a-e30b-58d2-b1d3-f94b296aaa4c,Va Llegando Gente Al Baile,Alfredo De Angelis,Julio Martel,tango,1944.0,1940s,174.59,data/raw/vol-31 la fiesta de buenos aires/23 va llegando gente al baile.mp3,,,122.76263427734376,D,0.0076317992061376,1.0283817052841189,vol-31 la fiesta de buenos aires,23 va llegando gente al baile.mp3
a252cd52-0063-51f3-858e-d55b2d69af87,Rosicler,Alfredo De Angelis,Julio Martel,tango,1946.0,1940s,187.89,data/raw/vol-08 la fiesta de buenos aires/29 rosicler.mp3,,,125.96931457519533,D,0.012922222726047,0.9096948504447936,vol-08 la fiesta de buenos aires,29 rosicler.mp3
5ddd6965-d012-5f7b-bb2c-5eccb7983dce,Altar Sin Luz,Alfredo De Angelis,Julio Martel,tango,1945.0,1940s,162.32,data/raw/vol-31 la fiesta de buenos aires/22 altar sin luz.mp3,,,122.55213928222656,E,0.0086831515654921,1.0677173137664795,vol-31 la fiesta de buenos aires,22 altar sin luz.mp3
36c56153-c420-5277-9e6c-7b1f7ab186a3,Que Buena Es,Alfredo De Angelis,Julio Martel,tango,1943.0,1940s,179.23,data/raw/vol-36 la fiesta de buenos aires/06 que buena es.mp3,,,120.15843200683594,D,0.0088255573064088,0.9146987199783324,vol-36 la fiesta de buenos aires,06 que buena es.mp3
421c4564-51e2-5fd0-85d8-e88a82f6a59e,El Ciruja,Alfredo De Angelis,Julio Martel,tango,1949.0,1940s,170.59,data/raw/vol-31 la fiesta de buenos aires/24 el ciruja.mp3,,,125.80136108398438,F,0.0090490812435746,1.1587790250778198,vol-31 la fiesta de buenos aires,24 el ciruja.mp3
0620a5b9-407c-5323-a83d-8e5d307bf20e,Bajo Belgrano,Alfredo De Angelis,Julio Martel,tango,1949.0,1940s,159.35,data/raw/vol-17 la fiesta de buenos aires/08 bajo belgrano.mp3,,,126.9586410522461,F,0.0101292142644524,1.113114356994629,vol-17 la fiesta de buenos aires,08 bajo belgrano.mp3
61661538-9a42-5671-b500-825b1232b943,Puro Apronte,Alfredo Gobbi,Instrumental,tango,1949.0,1940s,161.91,data/raw/vol-08 la fiesta de buenos aires/14 puro apronte.mp3,,,117.3964385986328,D,0.0078807733952999,0.9714320302009584,vol-08 la fiesta de buenos aires,14 puro apronte.mp3
9e224313-abdb-5568-89d8-5f48717e042a,El Incendio,Alfredo Gobbi,Instrumental,tango,1948.0,1940s,165.48,data/raw/vol-30 la fiesta de buenos aires/06 el incendio.mp3,,,126.44269561767578,C,0.0117792868986725,1.0152841806411743,vol-30 la fiesta de buenos aires,06 el incendio.mp3
48568527-4818-5aed-bd02-a726fabec32e,Orlando Goñi,Alfredo Gobbi,Instrumental,tango,1949.0,1940s,204.0,data/raw/vol-08 la fiesta de buenos aires/11 orlando goñi.mp3,,,114.8003921508789,A,0.0121905980631709,0.9323251843452454,vol-08 la fiesta de buenos aires,11 orlando goñi.mp3
1909ab0b-8869-5bda-8981-63be4616e089,El Andariego,Alfredo Gobbi,Instrumental,tango,1951.0,1950s,193.21,data/raw/vol-11 la fiesta de buenos aires/22 el andariego.mp3,,,114.15775299072266,C,0.0101539120078086,0.9189921617507936,vol-11 la fiesta de buenos aires,22 el andariego.mp3
b1a564d7-7f1c-5d90-9b56-4bf5bb59081e,Racing Club,Alfredo Gobbi,Instrumental,tango,1949.0,1940s,167.07,data/raw/vol-11 la fiesta de buenos aires/23 racing club.mp3,,,119.77498626708984,G,0.0134925656020641,1.004149079322815,vol-11 la fiesta de buenos aires,23 racing club.mp3
de118a1f-6413-544f-ad69-406bc160b00c,Entrador,Alfredo Gobbi,Instrumental,tango,1956.0,1950s,218.07,data/raw/vol-11 la fiesta de buenos aires/21 entrador.mp3,,,122.51197052001952,A,0.0116339651867747,1.006299614906311,vol-11 la fiesta de buenos aires,21 entrador.mp3
c7923242-6185-506e-b090-151b76d58610,Tres Esquinas,Angel D'Agostino,Angel Vargas,tango,1941.0,1940s,187.3,data/raw/vol-30 la fiesta de buenos aires/29 tres esquinas.mp3,,,123.90694427490234,D,0.0051807165145874,1.0663732290267944,vol-30 la fiesta de buenos aires,29 tres esquinas.mp3
f78f8b79-5b94-5206-8309-c7f6f4fc5ca5,Mas Solo Que Nunca,Angel D'Agostino,Angel Vargas,tango,1944.0,1940s,163.1,data/raw/vol-32 la fiesta de buenos aires/23 mas solo que nunca.mp3,,,120.97470092773438,E,0.0056686648167669,0.95916086435318,vol-32 la fiesta de buenos aires,23 mas solo que nunca.mp3
d6ec4acc-fff6-50f1-b6a2-ed976b2e6e8e,Rosita La Santiagueña,Angel D'Agostino,Angel Vargas,tango,1944.0,1940s,203.89,data/raw/vol-19 la fiesta de buenos aires/16 rosita la santiagueña.mp3,,,117.84917449951172,D,0.0056966366246342,0.9279842972755432,vol-19 la fiesta de buenos aires,16 rosita la santiagueña.mp3
a9cde39c-7a5f-5ce7-956e-29d7edae5880,Mi Viejo Barrio,Angel D'Agostino,Angel Vargas,tango,1944.0,1940s,162.03,data/raw/vol-26 la fiesta de buenos aires/16 mi viejo barrio.mp3,,,121.01554107666016,C,0.0067471428774297,0.949632465839386,vol-26 la fiesta de buenos aires,16 mi viejo barrio.mp3
15a67a10-252c-52fc-8f8f-b0307c6ced48,Dice Un Refran,Angel D'Agostino,Angel Vargas,tango,1942.0,1940s,174.68,data/raw/vol-12 la fiesta de buenos aires/23 dice un refran.mp3,,,123.15237426757812,C,0.0060623809695243,1.0779603719711304,vol-12 la fiesta de buenos aires,23 dice un refran.mp3
50736e77-01f6-5cbd-9083-0accdc762e7a,El Cocherito,Angel D'Agostino,Angel Vargas,tango,1944.0,1940s,199.23,data/raw/vol-08 la fiesta de buenos aires/16 el cocherito.mp3,,,119.63602447509766,C,0.0061551956459879,1.011210560798645,vol-08 la fiesta de buenos aires,16 el cocherito.mp3
b6ce03ee-a690-5989-8337-415cc8197df2,Con Sabor A Tango,Angel D'Agostino,Instrumental,tango,1946.0,1940s,164.54,data/raw/vol-04 la fiesta de buenos aires/03 con sabor a tango.mp3,,,123.43142700195312,B,0.0087503967806696,0.9547574520111084,vol-04 la fiesta de buenos aires,03 con sabor a tango.mp3
07a078af-0773-56cd-a808-df92db6c8507,Racing Club,Angel D'Agostino,Instrumental,tango,1946.0,1940s,157.89,data/raw/vol-04 la fiesta de buenos aires/02 racing club.mp3,,,126.23480224609376,G,0.0074879941530525,0.877115786075592,vol-04 la fiesta de buenos aires,02 racing club.mp3
a6257fdb-2bfb-50b4-86e4-f9551a91bc94,Cafe Dominguez,Angel D'Agostino,Instrumental,tango,1955.0,1950s,179.81,data/raw/vol-04 la fiesta de buenos aires/04 cafe dominguez.mp3,,,120.60039520263672,G,0.0090454397723078,0.9334776401519777,vol-04 la fiesta de buenos aires,04 cafe dominguez.mp3
329c91a1-f3b0-502f-ac0c-864c84ff32e5,Gil A Rayas,Angel D'Agostino,Instrumental,tango,1942.0,1940s,173.43,data/raw/vol-04 la fiesta de buenos aires/01 gil a rayas.mp3,,,119.96955871582033,G,0.0132181355729699,0.947215735912323,vol-04 la fiesta de buenos aires,01 gil a rayas.mp3
08fb0efd-be11-5134-a03a-85a4a2d6dbb9,Uno,Anibal Troilo,Alberto Marino,tango,1943.0,1940s,208.01,data/raw/vol-07 la fiesta de buenos aires/19 uno.mp3,,,122.94903564453124,D,0.0065982057712972,1.0197374820709229,vol-07 la fiesta de buenos aires,19 uno.mp3
7cf2d9c3-c6ef-508f-a89d-53ff0c9b30ba,Me Estan Sobrando Las Penas,Anibal Troilo,Alberto Marino,tango,1944.0,1940s,171.08,data/raw/vol-07 la fiesta de buenos aires/17 me estan sobrando las penas.mp3,,,120.30436706542967,G,0.0088809607550501,1.020976185798645,vol-07 la fiesta de buenos aires,17 me estan sobrando las penas.mp3
f6088729-23fd-55d4-a45e-f23386896dc6,Siga El Corso,Anibal Troilo,Alberto Marino,tango,1944.0,1940s,209.03,data/raw/vol-10 la fiesta de buenos aires/04 siga el corso.mp3,,,123.04370880126952,F,0.0064988108351826,1.04206120967865,vol-10 la fiesta de buenos aires,04 siga el corso.mp3
41b7ca4f-6112-5970-991f-63f456a3b8d3,Cafe De Los Angelitos,Anibal Troilo,Alberto Marino,tango,1944.0,1940s,158.52,data/raw/vol-10 la fiesta de buenos aires/02 cafe de los angelitos.mp3,,,117.62723541259766,E,0.0058108386583626,0.9737583994865416,vol-10 la fiesta de buenos aires,02 cafe de los angelitos.mp3
34a76925-4898-5786-9378-7d4f2611915d,Tres Amigos,Anibal Troilo,Alberto Marino,tango,1944.0,1940s,197.54,data/raw/vol-10 la fiesta de buenos aires/01 tres amigos.mp3,,,122.79354858398438,D,0.0069595356471836,1.076199293136597,vol-10 la fiesta de buenos aires,01 tres amigos.mp3
fcc25b00-54f7-5041-bbe0-2ebb64e1ca0f,Me Quede Mirandola,Anibal Troilo,Alberto Marino,tango,1945.0,1940s,158.6,data/raw/vol-07 la fiesta de buenos aires/18 me quede mirandola.mp3,,,125.8421630859375,A,0.0076562953181564,1.120616793632507,vol-07 la fiesta de buenos aires,18 me quede mirandola.mp3
05eb091c-0854-5c9d-ad99-bc97b98f3f6d,Marioneta,Anibal Troilo,Floreal Ruiz,tango,1944.0,1940s,199.46,data/raw/vol-10 la fiesta de buenos aires/26 marioneta.mp3,,,118.2233657836914,F,0.0056960857473313,0.9518595933914183,vol-10 la fiesta de buenos aires,26 marioneta.mp3
926817d8-5ca2-56ae-8f99-4deb08ccd5cf,Amor Y Tango,Anibal Troilo,Floreal Ruiz,tango,1945.0,1940s,187.79,data/raw/vol-40 la fiesta de buenos aires/17 amor y tango.mp3,,,126.32481384277344,B,0.0060243811458349,0.9368492364883424,vol-40 la fiesta de buenos aires,17 amor y tango.mp3
72804696-9056-597f-8bd8-1c7b6153d167,Y La Perdi,Anibal Troilo,Floreal Ruiz,tango,1947.0,1940s,211.24,data/raw/vol-19 la fiesta de buenos aires/04 y la perdi.mp3,,,119.66012573242188,C,0.0096614016219973,0.9043474793434144,vol-19 la fiesta de buenos aires,04 y la perdi.mp3
86490df1-06b0-5966-85af-c2e595cddf45,Yuyo Verde,Anibal Troilo,Floreal Ruiz,tango,1945.0,1940s,159.75,data/raw/vol-10 la fiesta de buenos aires/29 yuyo verde.mp3,,,123.07415008544922,F,0.0078481575474143,0.902636706829071,vol-10 la fiesta de buenos aires,29 yuyo verde.mp3
af63a767-e66f-5a55-b526-5031f9d03a74,Equipaje,Anibal Troilo,Floreal Ruiz,tango,1945.0,1940s,157.63,data/raw/vol-10 la fiesta de buenos aires/28 equipaje.mp3,,,125.84152221679688,D,0.0078071802854537,1.007820725440979,vol-10 la fiesta de buenos aires,28 equipaje.mp3
c752d30a-6414-512a-9e5d-a472bf58f9cf,Confesion,Anibal Troilo,Floreal Ruiz,tango,1947.0,1940s,202.04,data/raw/vol-19 la fiesta de buenos aires/03 confesion.mp3,,,123.09938049316406,B,0.0066956956870853,0.9886483550071716,vol-19 la fiesta de buenos aires,03 confesion.mp3
43557e0d-60ef-5734-875c-3a63f731dd8d,Lejos De Buenos Aires,Anibal Troilo,Francisco Fiorentino,tango,1942.0,1940s,193.12,data/raw/vol-30 la fiesta de buenos aires/17 lejos de buenos aires.mp3,,,123.60511016845705,C,0.0048480066470801,0.9545944929122924,vol-30 la fiesta de buenos aires,17 lejos de buenos aires.mp3
bf205e35-394e-50d1-b275-2dc2a8a5a29d,Sencillo Y Compadre,Anibal Troilo,Francisco Fiorentino,tango,1941.0,1940s,176.74,data/raw/vol-17 la fiesta de buenos aires/28 sencillo y compadre.mp3,,,129.37893676757812,F,0.0091011626645922,1.046408772468567,vol-17 la fiesta de buenos aires,28 sencillo y compadre.mp3
021504b4-8b6d-5976-9a02-c6c690249339,A Bailar,Anibal Troilo,Francisco Fiorentino,tango,1943.0,1940s,165.79,data/raw/vol-31 la fiesta de buenos aires/07 a bailar.mp3,,,123.69146728515624,G,0.0069581544958055,0.9104598164558412,vol-31 la fiesta de buenos aires,07 a bailar.mp3
ec6a5179-9f26-5c07-9d1b-cdb260c9df9a,Soy Muchacho De La Guardia,Anibal Troilo,Francisco Fiorentino,tango,1942.0,1940s,164.04,data/raw/vol-31 la fiesta de buenos aires/06 soy muchacho de la guardia.mp3,,,128.78041076660156,C,0.0055374908261001,1.079038143157959,vol-31 la fiesta de buenos aires,06 soy muchacho de la guardia.mp3
d0375a5a-f2e7-516d-a4ec-8805593de8ec,Mi Castigo,Anibal Troilo,Francisco Fiorentino,tango,1942.0,1940s,155.04,data/raw/vol-26 la fiesta de buenos aires/02 mi castigo.mp3,,,126.23312377929688,E,0.0083176586776971,0.9952025413513184,vol-26 la fiesta de buenos aires,02 mi castigo.mp3
c514ce1c-3dad-578a-b51d-f38d3d8a195c,Los Mareados,Anibal Troilo,Francisco Fiorentino,tango,1967.0,1960s,157.41,data/raw/vol-39 la fiesta de buenos aires/07 los mareados.mp3,,,125.85485076904295,D,0.0086308876052498,0.9352912902832032,vol-39 la fiesta de buenos aires,07 los mareados.mp3
cefef8ea-a083-5f3c-9eff-0e9079507306,La Maleva,Anibal Troilo,Instrumental,tango,1962.0,1960s,164.02,data/raw/vol-24 la fiesta de buenos aires/03 la maleva.mp3,,,126.52391815185548,F,0.0050453841686248,0.9754894971847534,vol-24 la fiesta de buenos aires,03 la maleva.mp3
7058f28b-c864-510b-b0e4-57407eee3b8f,Pablo,Anibal Troilo,Instrumental,tango,1968.0,1960s,154.64,data/raw/vol-13 la fiesta de buenos aires/07 pablo.mp3,,,123.45173645019533,F,0.008462643250823,1.0004737377166748,vol-13 la fiesta de buenos aires,07 pablo.mp3
727cb849-79fa-5cd5-9b37-2331276b2363,A La Parrilla,Anibal Troilo,Instrumental,tango,1949.0,1940s,148.96,data/raw/vol-14 la fiesta de buenos aires/07 a la parrilla.mp3,,,125.85061645507812,C,0.0159287396818399,1.0572508573532104,vol-14 la fiesta de buenos aires,07 a la parrilla.mp3
52c786d4-6f7d-5c4e-9a16-15dc717268d9,Patetico,Anibal Troilo,Instrumental,tango,1949.0,1940s,165.29,data/raw/vol-24 la fiesta de buenos aires/01 patetico.mp3,,,120.67698669433594,F,0.0084555754438042,0.8881450295448303,vol-24 la fiesta de buenos aires,01 patetico.mp3
f1dd7f25-375a-544b-8206-d8054705a442,Cordon De Oro,Anibal Troilo,Instrumental,tango,1941.0,1940s,148.85,data/raw/vol-14 la fiesta de buenos aires/06 cordon de oro.mp3,,,133.19110107421875,A,0.0099647026509046,1.0837000608444214,vol-14 la fiesta de buenos aires,06 cordon de oro.mp3
0a7400d5-8b02-5590-918f-2563fc03580a,Guapeando,Anibal Troilo,Instrumental,tango,1941.0,1940s,169.62,data/raw/vol-02 la fiesta de buenos aires/02 guapeando.mp3,,,135.32655334472656,C,0.0067442781291902,1.083371639251709,vol-02 la fiesta de buenos aires,02 guapeando.mp3
2800710a-05a2-5179-ad1a-43594de11c81,Otra Noche,Carlos Di Sarli,Alberto Podestá,tango,1944.0,1940s,158.75,data/raw/vol-20 la fiesta de buenos aires/16 otra noche.mp3,,,120.29009246826172,D,0.0042635123245418,0.9867688417434692,vol-20 la fiesta de buenos aires,16 otra noche.mp3
fc063c99-829f-5ccc-9f2d-fd5aa31bd713,Cero Al As,Carlos Di Sarli,Alberto Podestá,tango,1944.0,1940s,159.32,data/raw/vol-39 la fiesta de buenos aires/17 cero al as.mp3,,,120.81657409667967,D,0.0035753103438764,0.9106671810150146,vol-39 la fiesta de buenos aires,17 cero al as.mp3
1ab1b88c-95b2-5123-a6a1-e32dc167e394,Va A Cantar Un Ruiseñor,Carlos Di Sarli,Alberto Podestá,tango,1942.0,1940s,166.76,data/raw/vol-39 la fiesta de buenos aires/16 va a cantar un ruiseñor.mp3,,,122.27069091796876,D,0.0055751386098563,0.9176820516586304,vol-39 la fiesta de buenos aires,16 va a cantar un ruiseñor.mp3
36474cc0-9df3-5d26-9ac4-ffb9b7059805,Volver A Vernos,Carlos Di Sarli,Alberto Podestá,tango,1942.0,1940s,170.1,data/raw/vol-37 la fiesta de buenos aires/08 volver a vernos.mp3,,,119.78508758544922,C,0.0047270711511373,1.0085396766662598,vol-37 la fiesta de buenos aires,08 volver a vernos.mp3
e5fa6757-d9b9-5ee9-b86b-be1dd339b4b2,Motivo Sentimental,Carlos Di Sarli,Alberto Podestá,tango,1944.0,1940s,173.77,data/raw/vol-20 la fiesta de buenos aires/19 motivo sentimental.mp3,,,120.71630859375,A,0.0052045476622879,0.9095710515975952,vol-20 la fiesta de buenos aires,19 motivo sentimental.mp3
211c7ac6-9576-5146-900f-978f79568ef7,Junto A Tu Corazon,Carlos Di Sarli,Alberto Podestá,tango,1942.0,1940s,181.72,data/raw/vol-20 la fiesta de buenos aires/18 junto a tu corazon.mp3,,,123.05352020263672,B,0.0032973955385386,0.9334002733230592,vol-20 la fiesta de buenos aires,18 junto a tu corazon.mp3
6874a39a-d339-59cf-884a-449bc00656f9,Shusheta,Carlos Di Sarli,Instrumental,tango,1940.0,1940s,144.31,data/raw/vol-23 la fiesta de buenos aires/04 shusheta.mp3,,,137.3599395751953,E,0.0066587547771632,1.009429693222046,vol-23 la fiesta de buenos aires,04 shusheta.mp3
a3ed42a4-4b3d-5a43-8f6a-df5a7747fdcf,La Morocha,Carlos Di Sarli,Instrumental,tango,1941.0,1940s,165.71,data/raw/vol-15 la fiesta de buenos aires/07 la morocha.mp3,,,118.05531311035156,D,0.0088454047217965,0.8505106568336487,vol-15 la fiesta de buenos aires,07 la morocha.mp3
2ddbf9c6-2730-55e9-b852-a26a5d8190f1,La Racha,Carlos Di Sarli,Instrumental,tango,1947.0,1940s,160.65,data/raw/vol-25 la fiesta de buenos aires/23 la racha.mp3,,,123.35515594482422,G,0.0079731922596693,0.871647298336029,vol-25 la fiesta de buenos aires,23 la racha.mp3
e62c77ff-c59e-5447-b6d6-52e149c18188,Sentimiento Criollo,Carlos Di Sarli,Instrumental,tango,1941.0,1940s,170.14,data/raw/vol-18 la fiesta de buenos aires/17 sentimiento criollo.mp3,,,126.81263732910156,F,0.0073101273737847,0.9154785871505736,vol-18 la fiesta de buenos aires,17 sentimiento criollo.mp3
4556c4dd-e644-5275-b0c6-1c093b7c9186,Ojos Negros,Carlos Di Sarli,Instrumental,tango,1945.0,1940s,134.99,data/raw/vol-27 la fiesta de buenos aires/22 ojos negros.mp3,,,124.23414611816406,F,0.0073909373022615,0.8348477482795715,vol-27 la fiesta de buenos aires,22 ojos negros.mp3
d22dad37-8c79-5b12-a01f-ded3b5156b83,Un Lamento,Carlos Di Sarli,Instrumental,tango,1944.0,1940s,190.84,data/raw/vol-17 la fiesta de buenos aires/02 un lamento.mp3,,,123.11883544921876,F,0.0069277780130505,0.9557859301567078,vol-17 la fiesta de buenos aires,02 un lamento.mp3
eb74b375-4211-51a3-9b2b-f4d26b0a7e45,Un Tango Y Nada Mas,Carlos Di Sarli,Jorge Durán,tango,1945.0,1940s,167.85,data/raw/vol-03 la fiesta de buenos aires/06 un tango y nada mas.mp3,,,122.48106384277344,F,0.0104191899299621,0.9379713535308838,vol-03 la fiesta de buenos aires,06 un tango y nada mas.mp3
ec3c0078-6bb1-5d31-83dc-2e9deaa2f580,Tu Intimo Secreto,Carlos Di Sarli,Jorge Durán,tango,1945.0,1940s,191.63,data/raw/vol-30 la fiesta de buenos aires/12 tu intimo secreto.mp3,,,117.80461120605467,Bb,0.0077262711711227,0.9872806668281556,vol-30 la fiesta de buenos aires,12 tu intimo secreto.mp3
cc13482f-ed46-5f0f-9033-1ed7be3e34b3,Acuerdate De Mi,Carlos Di Sarli,Jorge Durán,tango,,,173.41,data/raw/vol-31 la fiesta de buenos aires/14 acuerdate de mi.mp3,,,90.88278198242188,G,0.0119266677647829,1.049842119216919,vol-31 la fiesta de buenos aires,14 acuerdate de mi.mp3
ec5aa244-9e4a-5e24-b39b-d9f01174be31,Soy El Cantor De La Orquesta,Carlos Di Sarli,Jorge Durán,tango,1945.0,1940s,199.07,data/raw/vol-03 la fiesta de buenos aires/08 soy el cantor de la orquesta.mp3,,,122.4867172241211,G,0.0067093078978359,0.86583012342453,vol-03 la fiesta de buenos aires,08 soy el cantor de la orquesta.mp3
93782bb7-e6b3-5478-9980-6caca41f23c3,Otra Vez Carnaval,Carlos Di Sarli,Jorge Durán,tango,1947.0,1940s,168.09,data/raw/vol-30 la fiesta de buenos aires/14 otra vez carnaval.mp3,,,122.7562026977539,F,0.0082930158823728,1.0176581144332886,vol-30 la fiesta de buenos aires,14 otra vez carnaval.mp3
d1e80a4c-70b1-552e-9c19-08e47b2803bc,Duelo Criollo,Carlos Di Sarli,Jorge Durán,tango,1946.0,1940s,166.13,data/raw/vol-40 la fiesta de buenos aires/29 duelo criollo.mp3,,,117.8782958984375,A,0.0087854573503136,0.9622968435287476,vol-40 la fiesta de buenos aires,29 duelo criollo.mp3
604339d8-123c-5e13-997e-1152e3bfde8d,Adios Te Vas,Carlos Di Sarli,Roberto Rufino,tango,1943.0,1940s,152.22,data/raw/vol-31 la fiesta de buenos aires/18 adios te vas.mp3,,,119.48339080810548,G,0.0048520993441343,0.9241657257080078,vol-31 la fiesta de buenos aires,18 adios te vas.mp3
88271181-8ad4-5a9a-ad89-04278f31cc43,Charlemos,Carlos Di Sarli,Roberto Rufino,tango,1941.0,1940s,152.09,data/raw/vol-38 la fiesta de buenos aires/22 charlemos.mp3,,,129.71212768554688,C#,0.0076794833876192,1.0113866329193115,vol-38 la fiesta de buenos aires,22 charlemos.mp3
a8f09f8d-6b66-5483-9762-92af44ce408c,Lo Mismo Que Antes,Carlos Di Sarli,Roberto Rufino,tango,1941.0,1940s,160.36,data/raw/vol-31 la fiesta de buenos aires/17 lo mismo que antes.mp3,,,123.08533477783205,B,0.0063790241256356,0.9512381553649902,vol-31 la fiesta de buenos aires,17 lo mismo que antes.mp3
835d4c18-561f-5d32-b57a-a9090e533c3c,Anselmo Acuña,Carlos Di Sarli,Roberto Rufino,tango,1943.0,1940s,195.6,data/raw/vol-21 la fiesta de buenos aires/23 anselmo acuña.mp3,,,119.71672821044922,C#,0.0057932673953473,0.9844614863395692,vol-21 la fiesta de buenos aires,23 anselmo acuña.mp3
c325d64a-6fc5-5445-b8e8-c57b5d47898b,Cosas Olvidadas,Carlos Di Sarli,Roberto Rufino,tango,1940.0,1940s,145.28,data/raw/vol-34 la fiesta de buenos aires/24 cosas olvidadas.mp3,,,140.0244903564453,G,0.0062994677573442,0.9418270587921144,vol-34 la fiesta de buenos aires,24 cosas olvidadas.mp3
a64825a1-9942-5196-8d30-8898d1be0a09,Tarareando,Carlos Di Sarli,Roberto Rufino,tango,1942.0,1940s,151.77,data/raw/vol-38 la fiesta de buenos aires/21 tarareando.mp3,,,123.03050231933594,D,0.0058633554726839,0.9121727347373962,vol-38 la fiesta de buenos aires,21 tarareando.mp3
ad517c7d-f179-5337-8015-857288edc8e6,Como Has Cambiado Pebeta,Enrique Rodriguez,Armando Moreno,tango,1942.0,1940s,157.39,data/raw/vol-24 la fiesta de buenos aires/07 como has cambiado pebeta.mp3,,,125.84849548339844,A,0.005518740043044,1.072271466255188,vol-24 la fiesta de buenos aires,07 como has cambiado pebeta.mp3
00859d5c-fdc2-5a11-a19a-31ce38fa0ff7,Como Se Pianta La Vida,Enrique Rodriguez,Armando Moreno,tango,1963.0,1960s,142.41,data/raw/vol-18 la fiesta de buenos aires/23 como se pianta la vida.mp3,,,139.5583953857422,E,0.0115958703681826,1.0179363489151,vol-18 la fiesta de buenos aires,23 como se pianta la vida.mp3
1e41ae81-60d7-5d3a-aa73-51956bc3468d,Llorar Por Una Mujer,Enrique Rodriguez,Armando Moreno,tango,1941.0,1940s,168.19,data/raw/vol-18 la fiesta de buenos aires/22 llorar por una mujer.mp3,,,130.3660430908203,C,0.0106493011116981,1.1755023002624512,vol-18 la fiesta de buenos aires,22 llorar por una mujer.mp3
90ed2fcc-c54a-504a-8539-5262cd9794e5,Danza Maligna,Enrique Rodriguez,Armando Moreno,tango,,,148.75,data/raw/vol-24 la fiesta de buenos aires/06 danza maligna.mp3,,,133.1699981689453,G,0.0113264853134751,1.02163565158844,vol-24 la fiesta de buenos aires,06 danza maligna.mp3
9c33b83a-5ff9-5f2e-81ab-479a80e54fc3,En La Buena Y En La Mala,Enrique Rodriguez,Armando Moreno,tango,,,144.99,data/raw/vol-18 la fiesta de buenos aires/24 en la buena y en la mala.mp3,,,137.03314208984375,G,0.0107395239174366,1.0716383457183838,vol-18 la fiesta de buenos aires,24 en la buena y en la mala.mp3
2c85f275-46af-544b-aa9f-e006e32589c2,El Encopao,Enrique Rodriguez,Armando Moreno,tango,1942.0,1940s,150.97,data/raw/vol-24 la fiesta de buenos aires/09 el encopao.mp3,,,129.62557983398438,C#,0.0050816666334867,1.0863550901412964,vol-24 la fiesta de buenos aires,09 el encopao.mp3
f6f35577-c2f8-5462-aae7-bd3f029a6785,Colombina,Francisco Canaro,Instrumental,tango,1951.0,1950s,165.19,data/raw/vol-18 la fiesta de buenos aires/06 colombina.mp3,,,120.01922607421876,F,0.0050875665619969,1.207458257675171,vol-18 la fiesta de buenos aires,06 colombina.mp3
f193dfa3-c2f8-5784-8939-a03cb925fe29,Sin Rumbo,Francisco Canaro,Instrumental,tango,1938.0,1930s,197.98,data/raw/vol-18 la fiesta de buenos aires/09 sin rumbo.mp3,,,119.92829132080078,F,0.0099505810067057,1.210416555404663,vol-18 la fiesta de buenos aires,09 sin rumbo.mp3
42c5ce2f-72c3-53a7-b782-2b4d567ba78f,Arrabalera,Francisco Canaro,Instrumental,tango,1955.0,1950s,162.38,data/raw/vol-01 la fiesta de buenos aires/27 arrabalera.mp3,,,100.81014251708984,G,0.0064395344816148,1.1327959299087524,vol-01 la fiesta de buenos aires,27 arrabalera.mp3
63c08012-485f-5545-b7ec-efbc779ba64d,El Torito,Francisco Canaro,Instrumental,tango,,,140.09,data/raw/vol-01 la fiesta de buenos aires/28 el torito.mp3,,,97.50296020507812,F,0.0062386863864958,1.122647762298584,vol-01 la fiesta de buenos aires,28 el torito.mp3
ea67f2bb-facf-598d-9f31-4d6fcad330ff,El Nene Del Abasto,Juan D'Arienzo,Alberto Echagüe,tango,,,176.06,data/raw/vol-06 la fiesta de buenos aires/03 el nene del abasto.mp3,,,132.64846801757812,F,0.0096301669254899,1.036881685256958,vol-06 la fiesta de buenos aires,03 el nene del abasto.mp3
e9693ee1-2fec-54e4-b997-0daec3915199,A Suerte Y Verdad,Juan D'Arienzo,Alberto Echagüe,tango,1944.0,1940s,154.22,data/raw/vol-14 la fiesta de buenos aires/02 a suerte y verdad.mp3,,,123.53594207763672,D,0.0102264638990163,1.067731261253357,vol-14 la fiesta de buenos aires,02 a suerte y verdad.mp3
b45e5b0f-6bb0-5098-8121-7b05c11a8c7e,Seamos Amigos,Juan D'Arienzo,Alberto Echagüe,tango,1944.0,1940s,159.72,data/raw/vol-14 la fiesta de buenos aires/04 seamos amigos.mp3,,,123.7410659790039,A,0.0080765075981616,1.088519811630249,vol-14 la fiesta de buenos aires,04 seamos amigos.mp3
7387d598-f856-5814-b79f-23533ebe615c,Ya Estamos Iguales,Juan D'Arienzo,Alberto Echagüe,tango,1945.0,1940s,162.53,data/raw/vol-37 la fiesta de buenos aires/13 ya estamos iguales.mp3,,,126.78462982177734,A,0.0074217496439814,1.0292905569076538,vol-37 la fiesta de buenos aires,13 ya estamos iguales.mp3
f6829e09-908d-5162-aa2c-580fe3981fff,Bien Pulenta,Juan D'Arienzo,Alberto Echagüe,tango,1950.0,1950s,168.27,data/raw/vol-06 la fiesta de buenos aires/02 bien pulenta.mp3,,,135.50466918945312,G,0.0086827399209141,1.0784622430801392,vol-06 la fiesta de buenos aires,02 bien pulenta.mp3
e6fedbbc-8276-50fe-8349-04a22df79626,Barajando,Juan D'Arienzo,Alberto Echagüe,tango,1929.0,1920s,175.1,data/raw/vol-06 la fiesta de buenos aires/04 barajando.mp3,,,128.24681091308594,E,0.0075021306984126,1.1465846300125122,vol-06 la fiesta de buenos aires,04 barajando.mp3
62f7fd15-9798-5807-845d-052039988f2c,Tierrita,Juan D'Arienzo,Héctor Mauré,tango,1963.0,1960s,186.67,data/raw/vol-30 la fiesta de buenos aires/02 tierrita.mp3,,,137.4112091064453,G,0.0095772836357355,1.0143790245056152,vol-30 la fiesta de buenos aires,02 tierrita.mp3
6b75058a-04db-5982-b7bb-4b11cab66625,Tango Brujo,Juan D'Arienzo,Héctor Mauré,tango,1977.0,1970s,168.63,data/raw/vol-10 la fiesta de buenos aires/11 tango brujo.mp3,,,129.07574462890625,D,0.0065470444969832,1.0770986080169678,vol-10 la fiesta de buenos aires,11 tango brujo.mp3
6b0dabb7-50c2-5568-a6b9-3ae5669cc339,Amarras,Juan D'Arienzo,Héctor Mauré,tango,1955.0,1950s,210.44,data/raw/vol-05 la fiesta de buenos aires/06 amarras.mp3,,,122.5762710571289,D,0.0085432780906558,0.9946931004524232,vol-05 la fiesta de buenos aires,06 amarras.mp3
4863e1d2-49ad-5113-b62e-441f7ae5d7f6,Sobre El Pucho,Juan D'Arienzo,Héctor Mauré,tango,1968.0,1960s,164.25,data/raw/vol-10 la fiesta de buenos aires/12 sobre el pucho.mp3,,,135.71414184570312,D,0.0094579495489597,1.076466679573059,vol-10 la fiesta de buenos aires,12 sobre el pucho.mp3
c6429fc7-ffbe-5d98-a099-bc825a48e60a,Infamia,Juan D'Arienzo,Héctor Mauré,tango,1953.0,1950s,184.61,data/raw/vol-10 la fiesta de buenos aires/13 infamia.mp3,,,135.1555633544922,A,0.0111016174778342,1.0523910522460938,vol-10 la fiesta de buenos aires,13 infamia.mp3
fca8dedc-f705-5451-907e-2b8250413ca1,Compadron,Juan D'Arienzo,Héctor Mauré,tango,1968.0,1960s,168.19,data/raw/vol-10 la fiesta de buenos aires/14 compadron.mp3,,,129.3197784423828,A,0.0070587205700576,0.9796119332313538,vol-10 la fiesta de buenos aires,14 compadron.mp3
d16e8d5f-6a05-5613-947d-313c2d132461,La Guitarrita,Juan D'Arienzo,Instrumental,tango,1928.0,1920s,148.43,data/raw/vol-33 la fiesta de buenos aires/17 la guitarrita.mp3,,,133.7372589111328,E,0.0055344910360872,1.0723133087158203,vol-33 la fiesta de buenos aires,17 la guitarrita.mp3
61589d50-9ce3-5a5f-a37b-7a7bfcf65ba2,El Flete,Juan D'Arienzo,Instrumental,tango,2000.0,2000s,178.69,data/raw/vol-03 la fiesta de buenos aires/01 el flete.mp3,,,132.3963165283203,A,0.0065556420013308,1.0631808042526243,vol-03 la fiesta de buenos aires,01 el flete.mp3
a9dc5611-a29e-5194-842f-43109350bfe7,El Cachafaz,Juan D'Arienzo,Instrumental,tango,1953.0,1950s,159.07,data/raw/vol-12 la fiesta de buenos aires/06 el cachafaz.mp3,,,128.98617553710938,C,0.0074628260917961,1.036296248435974,vol-12 la fiesta de buenos aires,06 el cachafaz.mp3
5d5c505b-a562-5287-9da2-d3a7e0bd3514,La Mariposa,Juan D'Arienzo,Instrumental,tango,1949.0,1940s,143.66,data/raw/vol-07 la fiesta de buenos aires/14 la mariposa.mp3,,,129.96250915527344,B,0.0101482234895229,1.093541979789734,vol-07 la fiesta de buenos aires,14 la mariposa.mp3
d468ef55-ee10-582c-981f-cf953434da69,Don Esteban,Juan D'Arienzo,Instrumental,tango,1920.0,1920s,206.61,data/raw/vol-40 la fiesta de buenos aires/06 don esteban.mp3,,,133.5106964111328,E,0.007570122834295,0.9579439759254456,vol-40 la fiesta de buenos aires,06 don esteban.mp3
ae87302d-b33d-5c16-9042-909b3cf562b9,Venus,Juan D'Arienzo,Instrumental,tango,1961.0,1960s,159.68,data/raw/vol-28 la fiesta de buenos aires/18 venus.mp3,,,125.4049301147461,D,0.0117051796987652,1.0198404788970947,vol-28 la fiesta de buenos aires,18 venus.mp3
8178a1d8-63cb-5e1a-8301-53d96a3a7bf7,Mañana Zarpa Un Barco,Lucio Demare,Carlos Miranda,tango,1942.0,1940s,198.34,data/raw/vol-26 la fiesta de buenos aires/08 mañana zarpa un barco.mp3,,,118.2967529296875,C,0.0069233747199177,1.08250093460083,vol-26 la fiesta de buenos aires,08 mañana zarpa un barco.mp3
233d3304-a899-546f-b2dd-96fcd795b41a,Telon,Lucio Demare,Carlos Miranda,tango,1938.0,1930s,172.58,data/raw/vol-26 la fiesta de buenos aires/07 telon.mp3,,,123.1634521484375,B,0.0052541405893862,1.0706703662872314,vol-26 la fiesta de buenos aires,07 telon.mp3
e063082b-d688-5b76-aad5-c31256cdf10c,Malena,Lucio Demare,Carlos Miranda,tango,1942.0,1940s,174.61,data/raw/vol-26 la fiesta de buenos aires/06 malena.mp3,,,125.19103240966795,D,0.0064177378080785,1.0628228187561035,vol-26 la fiesta de buenos aires,06 malena.mp3
282745fb-b0e9-5c7a-b8ad-bf93176f4b33,Sorbos Amargos,Lucio Demare,Carlos Miranda,tango,1942.0,1940s,203.64,data/raw/vol-26 la fiesta de buenos aires/09 sorbos amargos.mp3,,,117.99651336669922,C#,0.0063955937512218,1.0388574600219729,vol-26 la fiesta de buenos aires,09 sorbos amargos.mp3
5f6fcf2c-169f-5826-a8d7-e96f7b4d8639,El Pescante,Lucio Demare,Raúl Berón,tango,1943.0,1940s,192.48,data/raw/vol-14 la fiesta de buenos aires/21 el pescante.mp3,,,120.33940887451172,E,0.008111604489386,1.0375399589538574,vol-14 la fiesta de buenos aires,21 el pescante.mp3
e0390587-0e06-5aee-b8c1-a62456809631,Me Llaman El Zorro,Lucio Demare,Raúl Berón,tango,1943.0,1940s,171.4,data/raw/vol-14 la fiesta de buenos aires/23 me llaman el zorro.mp3,,,120.52182006835938,B,0.0077297464013099,0.9848336577415466,vol-14 la fiesta de buenos aires,23 me llaman el zorro.mp3
53f1a874-abdf-58c3-b25a-45c6ab99ea72,Que Solo Estoy,Lucio Demare,Raúl Berón,tango,1943.0,1940s,184.84,data/raw/vol-10 la fiesta de buenos aires/24 que solo estoy.mp3,,,120.83081817626952,C#,0.0065745739266276,1.0284525156021118,vol-10 la fiesta de buenos aires,24 que solo estoy.mp3
f713b60c-b42b-5035-9bbb-d3ec54233fe6,Moneda De Cobre,Lucio Demare,Raúl Berón,tango,1943.0,1940s,175.33,data/raw/vol-14 la fiesta de buenos aires/24 moneda de cobre.mp3,,,120.6422348022461,B,0.0082732047885656,1.036794900894165,vol-14 la fiesta de buenos aires,24 moneda de cobre.mp3
f8a6e518-88c2-5af1-be52-1a21567bab63,Oigo Tu Voz,Lucio Demare,Raúl Berón,tango,1943.0,1940s,178.17,data/raw/vol-10 la fiesta de buenos aires/23 oigo tu voz.mp3,,,118.23480224609376,A,0.0048362393863499,0.9592283368110656,vol-10 la fiesta de buenos aires,23 oigo tu voz.mp3
b5cfb0ab-23b5-5008-b10d-f695e522ec7f,No Nos Veremos Mas,Lucio Demare,Raúl Berón,tango,1964.0,1960s,155.71,data/raw/vol-16 la fiesta de buenos aires/13 no nos veremos mas.mp3,,,184.57058715820312,G,0.008245974779129,0.991719365119934,vol-16 la fiesta de buenos aires,13 no nos veremos mas.mp3
ca4e8dd0-8934-5396-957d-600bd1e9370d,Domingo A La Noche,Miguel Caló,Raúl Berón,tango,1944.0,1940s,165.35,data/raw/vol-20 la fiesta de buenos aires/28 domingo a la noche.mp3,,,126.2197036743164,G,0.0087430654093623,1.0052719116210938,vol-20 la fiesta de buenos aires,28 domingo a la noche.mp3
b9941fb3-012b-5db5-a764-b743c062e866,Tarareando,Miguel Caló,Raúl Berón,tango,1942.0,1940s,172.62,data/raw/vol-13 la fiesta de buenos aires/22 tarareando.mp3,,,126.77185821533205,D,0.0133895995095372,1.0525031089782717,vol-13 la fiesta de buenos aires,22 tarareando.mp3
9357579d-7f50-56d1-a387-558608d3f40f,Corazon No Le Hagas Caso,Miguel Caló,Raúl Berón,tango,1942.0,1940s,174.73,data/raw/vol-20 la fiesta de buenos aires/29 corazon no le hagas caso.mp3,,,120.62317657470705,C,0.0056563825346529,1.0007537603378296,vol-20 la fiesta de buenos aires,29 corazon no le hagas caso.mp3
b9c3f16a-4e36-524e-9068-9438e83b8d2f,Un Crimen,Miguel Caló,Raúl Berón,tango,1942.0,1940s,177.86,data/raw/vol-13 la fiesta de buenos aires/23 un crimen.mp3,,,126.84686279296876,B,0.0055234488099813,1.0287374258041382,vol-13 la fiesta de buenos aires,23 un crimen.mp3
d6ece24c-525f-5043-8489-ddb453ee8a7a,En Tus Ojos De Cielo,Miguel Caló,Raúl Berón,tango,1944.0,1940s,143.66,data/raw/vol-20 la fiesta de buenos aires/26 en tus ojos de cielo.mp3,,,125.76464080810548,C,0.009292165748775,0.9489081501960754,vol-20 la fiesta de buenos aires,26 en tus ojos de cielo.mp3
31408498-081a-58c7-a620-a324fdfb8fde,Margarita Gauthier,Miguel Caló,Raúl Berón,tango,1942.0,1940s,150.49,data/raw/vol-20 la fiesta de buenos aires/27 margarita gauthier.mp3,,,120.5606918334961,F,0.0058701368980109,1.0842466354370115,vol-20 la fiesta de buenos aires,27 margarita gauthier.mp3
bbafb62c-0e29-5f54-9912-3980efe0fb62,Bohardilla,Miguel Caló,Raúl Iriarte,tango,1944.0,1940s,154.36,data/raw/vol-22 la fiesta de buenos aires/01 bohardilla.mp3,,,123.39739227294922,G,0.0133660594001412,0.9737356305122375,vol-22 la fiesta de buenos aires,01 bohardilla.mp3
0057e806-49b4-5404-b559-122e43dcd13c,Canción Desesperada,Miguel Caló,Raúl Iriarte,tango,1945.0,1940s,174.43,data/raw/vol-31 la fiesta de buenos aires/03 canción desesperada.mp3,,,122.65821838378906,B,0.0057303160429,1.0670020580291748,vol-31 la fiesta de buenos aires,03 canción desesperada.mp3
f95781ff-5d01-5f89-a132-feb47a9e690e,Lluvia De Abril,Miguel Caló,Raúl Iriarte,tango,1945.0,1940s,161.96,data/raw/vol-16 la fiesta de buenos aires/02 lluvia de abril.mp3,,,123.93734741210938,C,0.0067469207569956,0.9797375798225404,vol-16 la fiesta de buenos aires,02 lluvia de abril.mp3
2d7bd08e-8500-5009-bae0-cbae705876ca,Fruta Amarga,Miguel Caló,Raúl Iriarte,tango,1945.0,1940s,186.91,data/raw/vol-38 la fiesta de buenos aires/11 fruta amarga.mp3,,,122.04020690917967,E,0.0108010843396186,1.0283607244491575,vol-38 la fiesta de buenos aires,11 fruta amarga.mp3
43cf6a46-5395-5049-b495-d6e34b830032,Cuento Azul,Miguel Caló,Raúl Iriarte,tango,1943.0,1940s,161.09,data/raw/vol-22 la fiesta de buenos aires/02 cuento azul.mp3,,,124.1541976928711,D,0.0074594938196241,1.013667345046997,vol-22 la fiesta de buenos aires,02 cuento azul.mp3
e2ee6ed9-734b-5914-881d-d3feda7ead41,Mañana No Estaras,Miguel Caló,Raúl Iriarte,tango,1945.0,1940s,178.27,data/raw/vol-38 la fiesta de buenos aires/14 mañana no estaras.mp3,,,123.86865997314452,D,0.0057344739325344,0.8833387494087219,vol-38 la fiesta de buenos aires,14 mañana no estaras.mp3
7d71cd94-9002-56bd-b718-7ad4068eacb0,El Entrerriano,Osvaldo Fresedo,Instrumental,tango,1968.0,1960s,140.28,data/raw/vol-14 la fiesta de buenos aires/18 el entrerriano.mp3,,,143.05349731445312,G,0.0134743247181177,0.8962803483009338,vol-14 la fiesta de buenos aires,18 el entrerriano.mp3
8de9d65d-f885-5f7e-8c82-3b9dff73764d,Pimienta,Osvaldo Fresedo,Instrumental,tango,1959.0,1950s,169.78,data/raw/vol-03 la fiesta de buenos aires/19 pimienta.mp3,,,133.6004638671875,G,0.0070357099175453,0.8750265836715698,vol-03 la fiesta de buenos aires,19 pimienta.mp3
af8f4a8e-657e-53d2-ac75-7fd6e34f1f06,Firulete,Osvaldo Fresedo,Instrumental,tango,,,144.03,data/raw/vol-14 la fiesta de buenos aires/19 firulete.mp3,,,136.13607788085938,G,0.0071070259436964,0.9107219576835632,vol-14 la fiesta de buenos aires,19 firulete.mp3
1ebafbb1-e43a-5977-912c-be839b0ca463,Arrabalero,Osvaldo Fresedo,Instrumental,tango,1959.0,1950s,155.37,data/raw/vol-03 la fiesta de buenos aires/16 arrabalero.mp3,,,128.3142852783203,B,0.0051617100834846,0.8454795479774475,vol-03 la fiesta de buenos aires,16 arrabalero.mp3
31d30849-f523-59cf-9c90-1899252da37a,Mariposita,Osvaldo Fresedo,Instrumental,tango,1954.0,1950s,145.07,data/raw/vol-14 la fiesta de buenos aires/16 mariposita.mp3,,,136.07444763183594,A,0.0092809433117508,0.9462077021598816,vol-14 la fiesta de buenos aires,16 mariposita.mp3
6f557f72-decb-5967-a6a3-ca78e26d1c89,Cuartito Azul,Osvaldo Fresedo,Ricardo Ruiz,tango,1962.0,1960s,166.91,data/raw/vol-20 la fiesta de buenos aires/12 cuartito azul.mp3,,,132.44972229003906,G,0.0061817010864615,0.8974789381027222,vol-20 la fiesta de buenos aires,12 cuartito azul.mp3
54cdd5fb-3def-5be5-ae70-de92cb950b10,Si No Me Engaña El Corazòn,Osvaldo Fresedo,Ricardo Ruiz,tango,1962.0,1960s,152.58,data/raw/vol-26 la fiesta de buenos aires/24 si no me engaña el corazòn.mp3,,,131.34283447265625,A,0.0065230918116867,0.9160279035568236,vol-26 la fiesta de buenos aires,24 si no me engaña el corazòn.mp3
227e8329-d7fc-5015-ad43-f968b500bcc5,Buscandote,Osvaldo Fresedo,Ricardo Ruiz,tango,2015.0,2010s,170.85,data/raw/vol-26 la fiesta de buenos aires/22 buscandote.mp3,,,123.53043365478516,D,0.0080550322309136,1.009413242340088,vol-26 la fiesta de buenos aires,22 buscandote.mp3
5f83819c-f196-597d-b059-4bcdbf98ed9d,Vida Querida,Osvaldo Fresedo,Ricardo Ruiz,tango,1940.0,1940s,151.67,data/raw/vol-20 la fiesta de buenos aires/13 vida querida.mp3,,,132.7308349609375,C,0.0081961192190647,0.907209813594818,vol-20 la fiesta de buenos aires,13 vida querida.mp3
be76f15a-b038-5026-8b10-abee74af9387,Despues De Carnaval,Osvaldo Fresedo,Ricardo Ruiz,tango,1959.0,1950s,165.3,data/raw/vol-20 la fiesta de buenos aires/11 despues de carnaval.mp3,,,132.22998046875,G,0.0056159077212214,1.067022681236267,vol-20 la fiesta de buenos aires,11 despues de carnaval.mp3
6d0dced8-a3ce-507c-b77f-8530e5f8afad,Rosarina Linda,Osvaldo Fresedo,Ricardo Ruiz,tango,1940.0,1940s,152.53,data/raw/vol-33 la fiesta de buenos aires/09 rosarina linda.mp3,,,131.87362670898438,Eb,0.0089298393577337,0.935315728187561,vol-33 la fiesta de buenos aires,09 rosarina linda.mp3
82230a6e-b754-5a19-9088-bf5544139088,Vida Mia,Osvaldo Fresedo,Roberto Ray,tango,1952.0,1950s,205.28,data/raw/vol-10 la fiesta de buenos aires/19 vida mia.mp3,,,122.33723449707033,C,0.0076233823783695,0.9833495616912842,vol-10 la fiesta de buenos aires,19 vida mia.mp3
2a0769b6-7612-514d-ae44-f854b8c2acbc,Telon,Osvaldo Fresedo,Roberto Ray,tango,1938.0,1930s,169.84,data/raw/vol-22 la fiesta de buenos aires/21 telon.mp3,,,129.48719787597656,A,0.0067925830371677,0.9148200750350952,vol-22 la fiesta de buenos aires,21 telon.mp3
fe48079c-5f2a-55de-b087-d023c67a09c4,Adios Para Siempre,Osvaldo Fresedo,Roberto Ray,tango,,,182.26,data/raw/vol-16 la fiesta de buenos aires/18 adios para siempre.mp3,,,125.60203552246094,C,0.0036890546325594,0.9614644646644592,vol-16 la fiesta de buenos aires,18 adios para siempre.mp3
dd7c87ed-b780-5a11-bd93-c37d15dfa6e2,Sollozos,Osvaldo Fresedo,Roberto Ray,tango,1937.0,1930s,206.53,data/raw/vol-13 la fiesta de buenos aires/04 sollozos.mp3,,,123.71910095214844,F,0.0056091165170073,0.9307540655136108,vol-13 la fiesta de buenos aires,04 sollozos.mp3
4d0ab8d0-3139-5c76-8bc7-0c9928be4e3f,No Quiero Verte Llorar,Osvaldo Fresedo,Roberto Ray,tango,1937.0,1930s,162.4,data/raw/vol-16 la fiesta de buenos aires/17 no quiero verte llorar.mp3,,,125.49071502685548,F,0.0064617129974067,0.9575599431991576,vol-16 la fiesta de buenos aires,17 no quiero verte llorar.mp3
c2f0a1ad-d2a9-597d-bf02-eb244a0091dc,Como Aquella Princesa,Osvaldo Fresedo,Roberto Ray,tango,,,169.88,data/raw/vol-13 la fiesta de buenos aires/02 como aquella princesa.mp3,,,128.35658264160156,F,0.0074397632852196,0.883003294467926,vol-13 la fiesta de buenos aires,02 como aquella princesa.mp3
d4789b68-b083-54d5-84b0-e3b11e7813ed,Principe,Osvaldo Pugliese,Alberto Morán,tango,1946.0,1940s,140.0,data/raw/vol-35 la fiesta de buenos aires/09 principe.mp3,,,117.91769409179688,A,0.008325689472258,1.0264558792114258,vol-35 la fiesta de buenos aires,09 principe.mp3
ae68ff6e-51e1-58ad-898b-af41af03c576,Cafetin,Osvaldo Pugliese,Alberto Morán,tango,1947.0,1940s,153.97,data/raw/vol-35 la fiesta de buenos aires/06 cafetin.mp3,,,123.05445098876952,C,0.0064410432241857,0.98477041721344,vol-35 la fiesta de buenos aires,06 cafetin.mp3
58568aed-204d-5d81-91e0-bfb9bc613409,El Abrojito,Osvaldo Pugliese,Alberto Morán,tango,1945.0,1940s,200.74,data/raw/vol-23 la fiesta de buenos aires/23 el abrojito.mp3,,,122.5134735107422,C,0.0071866484358906,1.063874363899231,vol-23 la fiesta de buenos aires,23 el abrojito.mp3
8b2ce07f-d2a4-5a41-843f-fa15ef523a5d,Barro,Osvaldo Pugliese,Alberto Morán,tango,1951.0,1950s,188.58,data/raw/vol-25 la fiesta de buenos aires/09 barro.mp3,,,117.44342041015624,C#,0.0039634690620005,0.9223335385322572,vol-25 la fiesta de buenos aires,09 barro.mp3
02123ba0-666b-52c4-9815-079cf32a4e2b,Yuyo Verde,Osvaldo Pugliese,Alberto Morán,tango,1945.0,1940s,168.5,data/raw/vol-35 la fiesta de buenos aires/08 yuyo verde.mp3,,,117.73054504394533,F,0.0063989185728132,0.9820560812950134,vol-35 la fiesta de buenos aires,08 yuyo verde.mp3
cdb0d61d-ceb3-5bc4-9321-3e44a4c566c4,Cobardia,Osvaldo Pugliese,Alberto Morán,tango,1950.0,1950s,170.98,data/raw/vol-35 la fiesta de buenos aires/07 cobardia.mp3,,,114.45018005371094,D,0.0041002347134053,0.9528635740280152,vol-35 la fiesta de buenos aires,07 cobardia.mp3
77a76ceb-eeed-5ee1-b171-5dbde48e780c,A Mis Compañeros,Osvaldo Pugliese,Instrumental,tango,1956.0,1950s,218.02,data/raw/vol-07 la fiesta de buenos aires/21 a mis compañeros.mp3,,,118.03282928466795,A,0.0165430419147014,0.9664880633354188,vol-07 la fiesta de buenos aires,21 a mis compañeros.mp3
aa61f28e-4cb2-5f1b-9b88-9dec8a0dbe22,Bien Milonga,Osvaldo Pugliese,Instrumental,tango,1951.0,1950s,195.39,data/raw/vol-27 la fiesta de buenos aires/04 bien milonga.mp3,,,120.14459228515624,G,0.0057574557140469,1.0433629751205444,vol-27 la fiesta de buenos aires,04 bien milonga.mp3
588b68c0-3b0b-52d5-9fc4-ac91c501acc5,Mal De Amores,Osvaldo Pugliese,Instrumental,tango,1946.0,1940s,166.1,data/raw/vol-36 la fiesta de buenos aires/18 mal de amores.mp3,,,120.643310546875,A,0.0119018536061048,1.0338078737258911,vol-36 la fiesta de buenos aires,18 mal de amores.mp3
1c1ad287-db8d-5584-972f-e030149d73e4,El Monito,Osvaldo Pugliese,Instrumental,tango,1945.0,1940s,141.45,data/raw/vol-06 la fiesta de buenos aires/07 el monito.mp3,,,120.16008758544922,F#,0.0109349442645907,1.0623819828033447,vol-06 la fiesta de buenos aires,07 el monito.mp3
b8788717-0d31-58e5-a724-ad28530ceeca,Emancipacion,Osvaldo Pugliese,Instrumental,tango,1955.0,1950s,205.64,data/raw/vol-09 la fiesta de buenos aires/06 emancipacion.mp3,,,120.5473861694336,A,0.013059876859188,1.025235652923584,vol-09 la fiesta de buenos aires,06 emancipacion.mp3
c4e7359f-d97d-5364-aeda-07cb96e44817,Seguime Si Podes,Osvaldo Pugliese,Instrumental,tango,1953.0,1950s,187.97,data/raw/vol-19 la fiesta de buenos aires/06 seguime si podes.mp3,,,120.33332824707033,B,0.0070069767534732,0.9262537956237792,vol-19 la fiesta de buenos aires,06 seguime si podes.mp3
1efd411c-be20-5230-b0d6-e86a156e46f5,Rondando Tu Esquina,Osvaldo Pugliese,Roberto Chanel,tango,1945.0,1940s,169.34,data/raw/vol-28 la fiesta de buenos aires/13 rondando tu esquina.mp3,,,114.34395599365234,D,0.0074514355510473,1.054276704788208,vol-28 la fiesta de buenos aires,13 rondando tu esquina.mp3
f72b7ef4-568d-563a-8ff2-678121721b3b,Dandy,Osvaldo Pugliese,Roberto Chanel,tango,1945.0,1940s,166.91,data/raw/vol-20 la fiesta de buenos aires/04 dandy.mp3,,,126.39187622070312,E,0.0054417708888649,1.011794090270996,vol-20 la fiesta de buenos aires,04 dandy.mp3
d882ac88-2409-5b2f-89b4-0c8ef99fd90d,Nada Mas Que Un Corazon,Osvaldo Pugliese,Roberto Chanel,tango,1944.0,1940s,170.93,data/raw/vol-25 la fiesta de buenos aires/06 nada mas que un corazon.mp3,,,120.27110290527344,E,0.006809385959059,1.0359081029891968,vol-25 la fiesta de buenos aires,06 nada mas que un corazon.mp3
af5d9e4d-dc92-598d-9051-910fa6c3d4f2,Corrientes Y Esmeralda,Osvaldo Pugliese,Roberto Chanel,tango,1944.0,1940s,168.35,data/raw/vol-28 la fiesta de buenos aires/14 corrientes y esmeralda.mp3,,,117.5548324584961,F#,0.0054646413773298,0.9852097630500792,vol-28 la fiesta de buenos aires,14 corrientes y esmeralda.mp3
63e4ec00-a33c-572a-b53e-96a983e61981,Yo Te Bendigo,Osvaldo Pugliese,Roberto Chanel,tango,1947.0,1940s,188.8,data/raw/vol-20 la fiesta de buenos aires/02 yo te bendigo.mp3,,,126.16728973388672,F,0.0059143910184502,1.060093879699707,vol-20 la fiesta de buenos aires,02 yo te bendigo.mp3
76cfe5ff-e8bf-5825-bb7f-984cc223e032,Farol,Osvaldo Pugliese,Roberto Chanel,tango,1943.0,1940s,200.27,data/raw/vol-20 la fiesta de buenos aires/01 farol.mp3,,,118.02489471435548,E,0.0072637246921658,1.0704398155212402,vol-20 la fiesta de buenos aires,01 farol.mp3
ffe2ba85-f111-5919-83a9-d53f9b998b4e,Garua,Pedro Laurenz,Alberto Podestá,tango,1943.0,1940s,189.87,data/raw/vol-08 la fiesta de buenos aires/03 garua.mp3,,,123.07073211669922,E,0.0084271728992462,1.141754388809204,vol-08 la fiesta de buenos aires,03 garua.mp3
34965511-e85d-5b1e-8db4-38f1f2c60d61,Paisaje,Pedro Laurenz,Alberto Podestá,tango,,,173.36,data/raw/vol-36 la fiesta de buenos aires/13 paisaje.mp3,,,104.06352996826172,A,0.0052440515719354,1.0599828958511353,vol-36 la fiesta de buenos aires,13 paisaje.mp3
4665939b-3741-5028-a9ee-3e1eaaa2ea7e,Como El Hornero,Pedro Laurenz,Alberto Podestá,tango,1944.0,1940s,169.52,data/raw/vol-24 la fiesta de buenos aires/24 como el hornero.mp3,,,123.30442810058594,E,0.0106023028492927,1.022813320159912,vol-24 la fiesta de buenos aires,24 como el hornero.mp3
ff976f86-1666-5efb-bd20-9379fa399097,Todo,Pedro Laurenz,Alberto Podestá,tango,1943.0,1940s,157.54,data/raw/vol-24 la fiesta de buenos aires/21 todo.mp3,,,128.2788543701172,D,0.0130814788863062,1.0640103816986084,vol-24 la fiesta de buenos aires,21 todo.mp3
ccee0c9a-11c2-5a8d-b380-0dfa2b7f5112,Maldonado,Pedro Laurenz,Alberto Podestá,tango,,,125.84,data/raw/vol-16 la fiesta de buenos aires/26 maldonado.mp3,,,109.80071258544922,E,0.012895350344479,1.0313692092895508,vol-16 la fiesta de buenos aires,26 maldonado.mp3
52189f84-c9f3-518d-8b0c-3597139cd70f,Nunca Tuvo Novio,Pedro Laurenz,Alberto Podestá,tango,1943.0,1940s,193.44,data/raw/vol-08 la fiesta de buenos aires/02 nunca tuvo novio.mp3,,,123.64405822753906,E,0.0050733783282339,1.0809121131896973,vol-08 la fiesta de buenos aires,02 nunca tuvo novio.mp3
a7bb7eb0-85d3-5752-aae2-427f955dbd05,Arrabal,Pedro Laurenz,Instrumental,tango,1937.0,1930s,184.74,data/raw/vol-09 la fiesta de buenos aires/01 arrabal.mp3,,,132.9580841064453,F,0.0071188914589583,1.1086537837982178,vol-09 la fiesta de buenos aires,01 arrabal.mp3
6cbfec09-9533-5622-bc03-88218f8ea09d,Orgullo Criollo,Pedro Laurenz,Instrumental,tango,1941.0,1940s,169.81,data/raw/vol-09 la fiesta de buenos aires/04 orgullo criollo.mp3,,,128.64657592773438,F,0.0066541712731122,1.1479923725128174,vol-09 la fiesta de buenos aires,04 orgullo criollo.mp3
0ad25095-b424-5c73-bfff-a50816ba9b0b,Amurado,Pedro Laurenz,Instrumental,tango,1940.0,1940s,181.71,data/raw/vol-40 la fiesta de buenos aires/14 amurado.mp3,,,120.70462799072266,C,0.006687244400382,1.0339434146881104,vol-40 la fiesta de buenos aires,14 amurado.mp3
2f47cee1-5c4f-574a-b73b-313cb05d2bcf,Mala Junta,Pedro Laurenz,Instrumental,tango,1947.0,1940s,180.85,data/raw/vol-40 la fiesta de buenos aires/11 mala junta.mp3,,,123.60511779785156,D,0.0068837120197713,1.0657802820205688,vol-40 la fiesta de buenos aires,11 mala junta.mp3
f80cf429-6a5a-54e0-a10e-26111d9ffdda,Abandono,Pedro Laurenz,Juan Carlos Casas,tango,1937.0,1930s,153.2,data/raw/vol-09 la fiesta de buenos aires/02 abandono.mp3,,,129.37081909179688,F#,0.0053680501878261,1.1317209005355835,vol-09 la fiesta de buenos aires,02 abandono.mp3
35bd47af-79f2-5cd9-b886-b3d6018b9ee1,Al Verla Pasar,Pedro Laurenz,Juan Carlos Casas,tango,1942.0,1940s,204.1,data/raw/vol-08 la fiesta de buenos aires/01 al verla pasar.mp3,,,126.1303939819336,C,0.0063545736484229,1.1055322885513306,vol-08 la fiesta de buenos aires,01 al verla pasar.mp3
975df2ca-c203-58dc-a68f-b4e203d4c4f6,No Me Extraña,Pedro Laurenz,Juan Carlos Casas,tango,1940.0,1940s,163.58,data/raw/vol-02 la fiesta de buenos aires/23 no me extraña.mp3,,,135.28382873535156,D,0.007868499495089,1.1167627573013306,vol-02 la fiesta de buenos aires,23 no me extraña.mp3
fefc0c91-9e87-5864-a071-74e4593a160a,Amurado,Pedro Laurenz,Juan Carlos Casas,tango,1940.0,1940s,148.69,data/raw/vol-02 la fiesta de buenos aires/24 amurado.mp3,,,132.91099548339844,C#,0.0118245929479599,1.1036051511764526,vol-02 la fiesta de buenos aires,24 amurado.mp3
b5485161-b051-5344-ab77-ced26e30614e,Es Mejor Perdonar,Pedro Laurenz,Juan Carlos Casas,tango,1942.0,1940s,159.84,data/raw/vol-40 la fiesta de buenos aires/12 es mejor perdonar.mp3,,,128.94374084472656,G,0.0051887379959225,1.0935953855514526,vol-40 la fiesta de buenos aires,12 es mejor perdonar.mp3
498a50c4-7b42-560a-af07-fd5805a8da96,Como Dos Extraños,Pedro Laurenz,Juan Carlos Casas,tango,1940.0,1940s,149.74,data/raw/vol-09 la fiesta de buenos aires/03 como dos extraños.mp3,,,132.8117218017578,F,0.007050126325339,1.071465253829956,vol-09 la fiesta de buenos aires,03 como dos extraños.mp3
147c9558-ad33-5eec-850b-335a3307ba22,A Otra Cosa Che Pebeta,Ricardo Tanturi,Alberto Castillo,tango,1943.0,1940s,157.92,data/raw/vol-15 la fiesta de buenos aires/04 a otra cosa che pebeta.mp3,,,125.90974426269533,D,0.0080754030495882,1.0173370838165283,vol-15 la fiesta de buenos aires,04 a otra cosa che pebeta.mp3
d7e7315f-d834-50a4-8421-60ced497717b,Cancion De Rango,Ricardo Tanturi,Alberto Castillo,tango,1942.0,1940s,173.46,data/raw/vol-33 la fiesta de buenos aires/21 cancion de rango.mp3,,,125.57526397705078,D,0.0088954726234078,1.1084157228469849,vol-33 la fiesta de buenos aires,21 cancion de rango.mp3
8ed32546-5845-5cff-a94d-a148c6729b04,La Copa Del Olvido,Ricardo Tanturi,Alberto Castillo,tango,1942.0,1940s,152.66,data/raw/vol-20 la fiesta de buenos aires/22 la copa del olvido.mp3,,,129.80604553222656,Eb,0.0069808857515454,1.0677908658981323,vol-20 la fiesta de buenos aires,22 la copa del olvido.mp3
dfa2c055-c361-5c34-8604-0845564ff3f5,Al Compas De Un Tango,Ricardo Tanturi,Alberto Castillo,tango,1942.0,1940s,158.34,data/raw/vol-15 la fiesta de buenos aires/01 al compas de un tango.mp3,,,131.5503692626953,G,0.0081551801413297,1.064901351928711,vol-15 la fiesta de buenos aires,01 al compas de un tango.mp3
d29324f8-0525-50eb-9e6d-30c15b72c29f,Decile Que Vuelva,Ricardo Tanturi,Alberto Castillo,tango,1942.0,1940s,155.31,data/raw/vol-20 la fiesta de buenos aires/21 decile que vuelva.mp3,,,129.3365478515625,G,0.008844781666994,1.0514529943466189,vol-20 la fiesta de buenos aires,21 decile que vuelva.mp3
9690799e-3ec4-5465-bf83-bbc8cd121a6d,Que Podran Decir,Ricardo Tanturi,Alberto Castillo,tango,1943.0,1940s,156.94,data/raw/vol-33 la fiesta de buenos aires/23 que podran decir.mp3,,,126.03012084960938,F,0.0071119489148259,0.9615111351013184,vol-33 la fiesta de buenos aires,23 que podran decir.mp3
c369fd19-c7e0-50b7-9e1d-13bee907ab5a,Asi Se Canta,Ricardo Tanturi,Enrique Campos,tango,1943.0,1940s,190.12,data/raw/vol-21 la fiesta de buenos aires/01 asi se canta.mp3,,,122.9902572631836,C,0.0048132752999663,0.9488602876663208,vol-21 la fiesta de buenos aires,01 asi se canta.mp3
5529dc01-4196-5c72-9edd-c28c56655593,Añoranza,Ricardo Tanturi,Enrique Campos,tango,,,174.27,data/raw/vol-33 la fiesta de buenos aires/14 añoranza.mp3,,,102.4370346069336,E,0.0050778603181242,1.070302128791809,vol-33 la fiesta de buenos aires,14 añoranza.mp3
06519389-a0fa-5d27-ba76-bbf69d01a7bd,La Abandone Y No Sabia,Ricardo Tanturi,Enrique Campos,tango,1944.0,1940s,169.39,data/raw/vol-40 la fiesta de buenos aires/04 la abandone y no sabia.mp3,,,128.92575073242188,E,0.0059313126839697,1.079098343849182,vol-40 la fiesta de buenos aires,04 la abandone y no sabia.mp3
7753a3fd-4469-5f56-a887-aeef6cb41f56,Esta Noche Al Pasar,Ricardo Tanturi,Enrique Campos,tango,1945.0,1940s,147.99,data/raw/vol-29 la fiesta de buenos aires/03 esta noche al pasar.mp3,,,128.27291870117188,G,0.0061004473827779,1.0349304676055908,vol-29 la fiesta de buenos aires,03 esta noche al pasar.mp3
ef2b8c94-f559-5654-9841-2a1eef25bd99,Cantor De Barrio,Ricardo Tanturi,Enrique Campos,tango,1945.0,1940s,149.79,data/raw/vol-40 la fiesta de buenos aires/03 cantor de barrio.mp3,,,125.6540985107422,A,0.0094926608726382,1.060043454170227,vol-40 la fiesta de buenos aires,03 cantor de barrio.mp3
de52e4a5-a420-5f55-89bd-9f85bb55d2fa,Que Bien Te Queda,Ricardo Tanturi,Enrique Campos,tango,1943.0,1940s,174.61,data/raw/vol-21 la fiesta de buenos aires/02 que bien te queda.mp3,,,125.77368927001952,D,0.0074088675901293,1.0473483800888062,vol-21 la fiesta de buenos aires,02 que bien te queda.mp3
9ebc36c6-a08e-50b3-acd2-bf7603c4fd08,Entre Sueños,Ricardo Tanturi,Instrumental,tango,1943.0,1940s,174.85,data/raw/vol-28 la fiesta de buenos aires/29 entre sueños.mp3,,,128.8450164794922,Bb,0.0047067664563655,0.9127274751663208,vol-28 la fiesta de buenos aires,29 entre sueños.mp3
0f3d0c5d-c1cc-5c6e-a196-5e1ca47ad100,Adios Pueblo,Ricardo Tanturi,Instrumental,tango,1941.0,1940s,177.4,data/raw/vol-25 la fiesta de buenos aires/02 adios pueblo.mp3,,,132.09954833984375,F,0.0107954097911715,0.9900006055831908,vol-25 la fiesta de buenos aires,02 adios pueblo.mp3
f6b688a7-82b2-57dd-807f-e7779df22ce8,Recuerdo,Ricardo Tanturi,Instrumental,tango,1942.0,1940s,185.44,data/raw/vol-28 la fiesta de buenos aires/28 recuerdo.mp3,,,126.02629852294922,F#,0.0084542399272322,0.9551531672477722,vol-28 la fiesta de buenos aires,28 recuerdo.mp3
ec93f17e-9a21-58ec-8c5a-68ab3e64503f,Tierrita,Ricardo Tanturi,Instrumental,tango,1937.0,1930s,168.06,data/raw/vol-28 la fiesta de buenos aires/26 tierrita.mp3,,,130.04986572265625,Bb,0.0060369791463017,1.042362093925476,vol-28 la fiesta de buenos aires,26 tierrita.mp3
e5169690-39d0-5ace-ba56-53dc49e3a70b,Comparsa Criolla,Ricardo Tanturi,Instrumental,tango,1941.0,1940s,171.4,data/raw/vol-05 la fiesta de buenos aires/01 comparsa criolla.mp3,,,135.8953399658203,A,0.0101507604122161,1.067008137702942,vol-05 la fiesta de buenos aires,01 comparsa criolla.mp3
30b5779f-1038-59dd-b29f-5630e32d5007,Argañaraz,Ricardo Tanturi,Instrumental,tango,1940.0,1940s,140.95,data/raw/vol-05 la fiesta de buenos aires/02 argañaraz.mp3,,,142.91322326660156,D,0.0118334796279668,1.032284379005432,vol-05 la fiesta de buenos aires,02 argañaraz.mp3
ea0ef75b-b882-54b7-9be5-160a07ef253c,A La Gran Muñeca,Rodolfo Biagi,Instrumental,tango,1950.0,1950s,127.71,data/raw/vol-21 la fiesta de buenos aires/16 a la gran muñeca.mp3,,,122.63029479980467,A,0.0085798697546124,0.8876053094863892,vol-21 la fiesta de buenos aires,16 a la gran muñeca.mp3
89bee176-c045-55ae-8560-cfe97a8f8641,Didi,Rodolfo Biagi,Instrumental,tango,1941.0,1940s,150.31,data/raw/vol-27 la fiesta de buenos aires/13 didi.mp3,,,132.16331481933594,A,0.0248040258884429,1.0236201286315918,vol-27 la fiesta de buenos aires,13 didi.mp3
1279681d-43ea-515a-8710-4994d2abccd3,El Yaguaron,Rodolfo Biagi,Instrumental,tango,1940.0,1940s,151.72,data/raw/vol-27 la fiesta de buenos aires/11 el yaguaron.mp3,,,132.12750244140625,G,0.0143751939758658,1.1854842901229858,vol-27 la fiesta de buenos aires,11 el yaguaron.mp3
69b732dd-599a-5050-9201-4b5ebf8212c6,El Internado,Rodolfo Biagi,Instrumental,tango,1953.0,1950s,154.67,data/raw/vol-40 la fiesta de buenos aires/22 el internado.mp3,,,129.55519104003906,D,0.0148001564666628,0.8865347504615784,vol-40 la fiesta de buenos aires,22 el internado.mp3
96f1b295-3f39-5ca0-9445-7df443a57bb2,El Estribo,Rodolfo Biagi,Instrumental,tango,1940.0,1940s,166.91,data/raw/vol-40 la fiesta de buenos aires/21 el estribo.mp3,,,136.3892364501953,A,0.01256890501827,1.0203688144683838,vol-40 la fiesta de buenos aires,21 el estribo.mp3
5c20d967-a983-5272-87f1-b62000fef7ed,Quejas De Bandoneon,Rodolfo Biagi,Instrumental,tango,1941.0,1940s,171.58,data/raw/vol-17 la fiesta de buenos aires/14 quejas de bandoneon.mp3,,,132.26531982421875,D,0.0182982683181762,1.0163371562957764,vol-17 la fiesta de buenos aires,14 quejas de bandoneon.mp3
fa0e69ba-2c3c-5db4-803f-e9f073a2b33e,Cardos,Tipica Victor,Instrumental,tango,,,168.22,data/raw/vol-09 la fiesta de buenos aires/24 cardos.mp3,,,117.24880981445312,F,0.0030929301865398,1.1607890129089355,vol-09 la fiesta de buenos aires,24 cardos.mp3
521dabc6-73e5-5b87-be8f-023f913824de,Che Papusa Oi,Tipica Victor,Instrumental,tango,1958.0,1950s,153.05,data/raw/vol-09 la fiesta de buenos aires/22 che papusa oi.mp3,,,129.85157775878906,B,0.0057487543672323,1.1667771339416504,vol-09 la fiesta de buenos aires,22 che papusa oi.mp3
0fd41987-8c25-5117-91ab-00a56be4de73,Pato,Tipica Victor,Instrumental,tango,1926.0,1920s,145.2,data/raw/vol-29 la fiesta de buenos aires/08 pato.mp3,,,126.30897521972656,Bb,0.0087468065321445,1.0480751991271973,vol-29 la fiesta de buenos aires,08 pato.mp3
adcd585c-152c-5486-a191-745a8c8b41ef,De Mi Barrio,Tipica Victor,Instrumental,tango,1999.0,1990s,167.2,data/raw/vol-29 la fiesta de buenos aires/07 de mi barrio.mp3,,,118.1887664794922,D,0.0090460432693362,1.1510759592056274,vol-29 la fiesta de buenos aires,07 de mi barrio.mp3
298ceee5-0751-5025-9e8b-17a182879974,El Porteñito,Tipica Victor,Instrumental,tango,1949.0,1940s,149.89,data/raw/vol-09 la fiesta de buenos aires/21 el porteñito.mp3,,,131.56646728515625,Eb,0.0083032650873065,1.181282877922058,vol-09 la fiesta de buenos aires,21 el porteñito.mp3
a8dc34ec-8e76-5165-9fcf-c28380b4bf1f,Dominio,Tipica Victor,Instrumental,tango,,,167.82,data/raw/vol-09 la fiesta de buenos aires/23 dominio.mp3,,,117.62242889404295,D,0.0054462826810777,1.1232000589370728,vol-09 la fiesta de buenos aires,23 dominio.mp3
